GeographyKey;GeographyType;ContinentName;CityName;StateProvinceName;RegionCountryName;Geometry;ETLLoadID;LoadDate;UpdateDate
782;"City";"North America";"Albany";"New York";"United States";"00000000010C60764F1E160254C064CC5D4BC87F4440";1;28/9/2009 20:19:34;28/9/2009 20:19:34
783;"City";"North America";"Alexandria";"Virginia";"United States";"00000000010C29ED0DBE30C953C024B9FC87F4434340";1;28/9/2009 20:19:34;28/9/2009 20:19:34
784;"City";"North America";"Anchorage";"Alaska";"United States";"00000000010C6ABC749318B462C0F46C567DAE8E4E40";1;28/9/2009 20:19:34;28/9/2009 20:19:34
785;"City";"North America";"Annapolis";"Maryland";"United States";"00000000010C82E2C798BB2253C0E6AE25E4837E4340";1;28/9/2009 20:19:34;28/9/2009 20:19:34
786;"City";"North America";"Appleton";"Wisconsin";"United States";"00000000010CCE88D2DEE01F56C0C139234A7B234640";1;28/9/2009 20:19:34;28/9/2009 20:19:34
787;"City";"North America";"Arlington";"Texas";"United States";"00000000010C5F984C158C3255C0BEC1172653A54240";1;28/9/2009 20:19:34;28/9/2009 20:19:34
788;"City";"North America";"Atlantic City";"New Jersey";"United States";"00000000010C64CC5D4BC89B52C091ED7C3F35AE4340";1;28/9/2009 20:19:34;28/9/2009 20:19:34
789;"City";"North America";"Attleboro";"Massachusetts";"United States";"00000000010CD0D556EC2FD351C02BF697DD93F74440";1;28/9/2009 20:19:34;28/9/2009 20:19:34
790;"City";"North America";"Aurora";"Colorado";"United States";"00000000010CAF25E4839E3958C00AD7A3703D524440";1;28/9/2009 20:19:34;28/9/2009 20:19:34
791;"City";"North America";"Austin";"Texas";"United States";"00000000010C0C022B87166D58C03CBD5296216E3E40";1;28/9/2009 20:19:34;28/9/2009 20:19:34
792;"City";"North America";"Back River";"Maryland";"United States";"E6100000010CDD240681951F53C01FF46C567DA64340";1;28/9/2009 20:19:34;28/9/2009 20:19:34
793;"City";"North America";"Bacliff";"Texas";"United States";"E6100000010C0F0BB5A679BF57C050FC1873D7823D40";1;28/9/2009 20:19:34;28/9/2009 20:19:34
794;"City";"North America";"Baltimore";"Maryland";"United States";"00000000010C9EEFA7C64B2753C04850FC1873A74340";1;28/9/2009 20:19:34;28/9/2009 20:19:34
795;"City";"North America";"Bangor";"Maine";"United States";"00000000010C4703780B247451C0FAEDEBC0394B4640";1;28/9/2009 20:19:34;28/9/2009 20:19:34
796;"City";"North America";"Bar Harbor";"Maine";"United States";"00000000010CE10B93A9820D51C0D200DE0209324640";1;28/9/2009 20:19:34;28/9/2009 20:19:34
797;"City";"North America";"Bayonne";"New Jersey";"United States";"00000000010CC976BE9F1A8752C03F575BB1BF544440";1;28/9/2009 20:19:34;28/9/2009 20:19:34
798;"City";"North America";"Beaumont";"Texas";"United States";"00000000010C992A1895D4D957C0D1915CFE434A3E40";1;28/9/2009 20:19:34;28/9/2009 20:19:34
799;"City";"North America";"Berthoud";"Colorado";"United States";"00000000010CBE9F1A2FDD445AC0ACADD85F76274440";1;28/9/2009 20:19:34;28/9/2009 20:19:34
800;"City";"North America";"Bethesda";"Maryland";"United States";"00000000010CA69BC420B04653C02CD49AE61D7F4340";1;28/9/2009 20:19:34;28/9/2009 20:19:34
801;"City";"North America";"Bridgeport";"Connecticut";"United States";"E6100000010C86C954C1A84C52C00612143FC6944440";1;28/9/2009 20:19:34;28/9/2009 20:19:34
802;"City";"North America";"Boston";"Massachusetts";"United States";"00000000010CA323B9FC87C451C0068195438B2C4540";1;28/9/2009 20:19:34;28/9/2009 20:19:34
803;"City";"North America";"Boulder";"Colorado";"United States";"00000000010C560E2DB29D4F5AC0EC51B81E85034440";1;28/9/2009 20:19:34;28/9/2009 20:19:34
804;"City";"North America";"Brooklyn";"New York";"United States";"00000000010C41F163CC5D9352C0F2D24D6210584440";1;28/9/2009 20:19:34;28/9/2009 20:19:34
805;"City";"North America";"Buffalo";"New York";"United States";"00000000010C1B0DE02D90D853C0EE7C3F355E724540";1;28/9/2009 20:19:34;28/9/2009 20:19:34
806;"City";"North America";"Burlington";"Wisconsin";"United States";"00000000010CF2B0506B9A3753C01895D40968DA4440";1;28/9/2009 20:19:34;28/9/2009 20:19:34
807;"City";"North America";"Cape Canaveral";"Florida";"United States";"00000000010C9FCDAACFD52654C02FDD240681653C40";1;28/9/2009 20:19:34;28/9/2009 20:19:34
808;"City";"North America";"Cape May";"New Jersey";"United States";"00000000010C4FAF946588BB52C0A8C64B3789794340";1;28/9/2009 20:19:34;28/9/2009 20:19:34
809;"City";"North America";"Castle Rock";"Colorado";"United States";"00000000010CCDCCCCCCCC1C5AC0FB3A70CE88CA4340";1;28/9/2009 20:19:34;28/9/2009 20:19:34
810;"City";"North America";"Charleston";"South Carolina";"United States";"00000000010C0E2DB29DEF3B54C05F29CB10C79A4140";1;28/9/2009 20:19:34;28/9/2009 20:19:34
811;"City";"North America";"Charlottesville";"Virginia";"United States";"00000000010C6519E258179F53C0E78C28ED0D064340";1;28/9/2009 20:19:34;28/9/2009 20:19:34
812;"City";"North America";"Cheney";"Washington";"United States";"00000000010CFA7E6ABC74635DC0211FF46C56C54740";1;28/9/2009 20:19:34;28/9/2009 20:19:34
813;"City";"North America";"Cle Elum";"Washington";"United States";"00000000010CC1CAA145B63B5EC07FFB3A70CE984740";1;28/9/2009 20:19:34;28/9/2009 20:19:34
814;"City";"North America";"Clifton";"New Jersey";"United States";"00000000010CBF0E9C33A29C52C05BD3BCE3145D4440";1;28/9/2009 20:19:34;28/9/2009 20:19:34
815;"City";"North America";"Dallas";"Texas";"United States";"00000000010CA835CD3B4E3158C0211FF46C56754040";1;28/9/2009 20:19:34;28/9/2009 20:19:34
816;"City";"North America";"Darien";"Connecticut";"United States";"00000000010C1DC9E53FA4FB53C0BC0512143F764440";1;28/9/2009 20:19:34;28/9/2009 20:19:34
817;"City";"North America";"Denton";"Texas";"United States";"00000000010C2AA913D044FC57C09487855AD3D44040";1;28/9/2009 20:19:34;28/9/2009 20:19:34
818;"City";"North America";"Denver";"Colorado";"United States";"00000000010C3F355EBA49245AC0DC4603780BDC4340";1;28/9/2009 20:19:34;28/9/2009 20:19:34
819;"City";"North America";"Desoto";"Texas";"United States";"00000000010C1973D712F23558C03C4ED1915C4E4040";1;28/9/2009 20:19:34;28/9/2009 20:19:34
820;"City";"North America";"East Orange";"New Jersey";"United States";"00000000010CA1F831E6AE8D52C052499D8026624440";1;28/9/2009 20:19:34;28/9/2009 20:19:34
821;"City";"North America";"East Troy";"Wisconsin";"United States";"00000000010CD1915CFE431A56C0B003E78C28654540";1;28/9/2009 20:19:34;28/9/2009 20:19:34
822;"City";"North America";"Edgerton";"Wisconsin";"United States";"00000000010CC139234A7B6756C0EC2FBB270F634540";1;28/9/2009 20:19:34;28/9/2009 20:19:34
823;"City";"North America";"Elmira";"New York";"United States";"00000000010C88855AD3BC3353C0302AA913D00C4540";1;28/9/2009 20:19:34;28/9/2009 20:19:34
824;"City";"North America";"Englewood";"Colorado";"United States";"00000000010C54E3A59BC47059C0F2D24D6210C84340";1;28/9/2009 20:19:34;28/9/2009 20:19:34
825;"City";"North America";"Fall City";"Washington";"United States";"00000000010CD122DBF97E7A5EC0DFE00B93A9CA4740";1;28/9/2009 20:19:34;28/9/2009 20:19:34
826;"City";"North America";"Falmouth";"Massachusetts";"United States";"00000000010C4DF38E5374C051C00E4FAF9465684540";1;28/9/2009 20:19:34;28/9/2009 20:19:34
827;"City";"North America";"Fond du Lac";"Wisconsin";"United States";"00000000010C143FC6DCB51C56C0B537F8C264E24540";1;28/9/2009 20:19:34;28/9/2009 20:19:34
828;"City";"North America";"Fort Atkinson";"Wisconsin";"United States";"00000000010CEE7C3F355E3656C01283C0CAA1754540";1;28/9/2009 20:19:34;28/9/2009 20:19:34
829;"City";"North America";"Fort Collins";"Colorado";"United States";"E6100000010CD9CEF753E3455AC08CDB68006F494440";1;28/9/2009 20:19:34;28/9/2009 20:19:34
830;"City";"North America";"Fort Lauderdale";"Florida";"United States";"00000000010CD0B359F5B90A54C02D211FF46C263A40";1;28/9/2009 20:19:34;28/9/2009 20:19:34
831;"City";"North America";"Fort Worth";"Texas";"United States";"00000000010CD49AE61DA75458C0FED478E926614040";1;28/9/2009 20:19:34;28/9/2009 20:19:34
832;"City";"North America";"Framingham";"Massachusetts";"United States";"00000000010C9E5E29CB10DB51C0E71DA7E848264540";1;28/9/2009 20:19:34;28/9/2009 20:19:34
833;"City";"North America";"Fredericksburg";"Virginia";"United States";"00000000010C3480B74082CE53C05AF5B9DA8ADD4240";1;28/9/2009 20:19:34;28/9/2009 20:19:34
834;"City";"North America";"Georgetown";"Texas";"United States";"00000000010C744694F6064356C02A3A92CB7F284140";1;28/9/2009 20:19:34;28/9/2009 20:19:34
835;"City";"North America";"Germantown";"Maryland";"United States";"00000000010CAE47E17A14DE54C0363CBD5296E14340";1;28/9/2009 20:19:34;28/9/2009 20:19:34
836;"City";"North America";"Grand Junction";"Colorado";"United States";"00000000010CE5D022DBF9EE5AC034A2B437F89A4340";1;28/9/2009 20:19:34;28/9/2009 20:19:34
837;"City";"North America";"Grand Prairie";"Texas";"United States";"00000000010C66666666664258C05396218E75614040";1;28/9/2009 20:19:34;28/9/2009 20:19:34
838;"City";"North America";"Granger";"Washington";"United States";"00000000010C98DD938785D656C045D8F0F44A294540";1;28/9/2009 20:19:34;28/9/2009 20:19:34
839;"City";"North America";"Greeley";"Colorado";"United States";"00000000010C2DB29DEFA72E5AC085EB51B81E354440";1;28/9/2009 20:19:34;28/9/2009 20:19:34
840;"City";"North America";"Green Bay";"Wisconsin";"United States";"00000000010C12A5BDC1170256C0E25817B7D1404640";1;28/9/2009 20:19:34;28/9/2009 20:19:34
841;"City";"North America";"Greenville";"South Carolina";"United States";"00000000010C6C787AA52CA754C03D9B559FABC54140";1;28/9/2009 20:19:34;28/9/2009 20:19:34
842;"City";"North America";"Hackensack";"New Jersey";"United States";"00000000010C4A0C022B878252C018265305A3724440";1;28/9/2009 20:19:34;28/9/2009 20:19:34
843;"City";"North America";"Hartford";"Connecticut";"United States";"00000000010C8D28ED0DBE7052C01E166A4DF3DE4440";1;28/9/2009 20:19:34;28/9/2009 20:19:34
844;"City";"North America";"Haverhill";"Massachusetts";"United States";"00000000010C75029A081BC651C0D0B359F5B9624540";1;28/9/2009 20:19:34;28/9/2009 20:19:34
845;"City";"North America";"Hillsboro";"Texas";"United States";"00000000010C96438B6CE73B5DC0F5B9DA8AFD254640";1;28/9/2009 20:19:34;28/9/2009 20:19:34
846;"City";"North America";"Hingham";"Massachusetts";"United States";"00000000010C4A7B832F4CBA51C0A913D044D8184540";1;28/9/2009 20:19:34;28/9/2009 20:19:34
847;"City";"North America";"Hoboken";"New Jersey";"United States";"00000000010C7DD0B359F58152C011C7BAB88D5E4440";1;28/9/2009 20:19:34;28/9/2009 20:19:34
848;"City";"North America";"Holyoke";"Massachusetts";"United States";"00000000010CE9482EFF211553C0105839B4C8FE4440";1;28/9/2009 20:19:34;28/9/2009 20:19:34
849;"City";"North America";"Houston";"Texas";"United States";"00000000010C894160E5D0DA57C034A2B437F8D23D40";1;28/9/2009 20:19:34;28/9/2009 20:19:34
850;"City";"North America";"Howard";"Maryland";"United States";"00000000010C4CA60A46250157C02BF697DD934F4440";1;28/9/2009 20:19:34;28/9/2009 20:19:34
851;"City";"North America";"Humble";"Texas";"United States";"00000000010C8E75711B0DD057C01F85EB51B8FE3D40";1;28/9/2009 20:19:34;28/9/2009 20:19:34
852;"City";"North America";"Ithaca";"New York";"United States";"00000000010C12143FC6DC3553C08FC2F5285C3F4540";1;28/9/2009 20:19:34;28/9/2009 20:19:34
853;"City";"North America";"Jacksonville";"Florida";"United States";"00000000010C82E2C798BB8A54C0C6DCB5847CB03E40";1;28/9/2009 20:19:34;28/9/2009 20:19:34
854;"City";"North America";"Jersey City";"New Jersey";"United States";"00000000010CA54E4013618352C096438B6CE75B4440";1;28/9/2009 20:19:34;28/9/2009 20:19:34
855;"City";"North America";"Kennebunkport";"Maine";"United States";"E6100000010C43AD69DE719E51C07593180456AE4540";1;28/9/2009 20:19:34;28/9/2009 20:19:34
856;"City";"North America";"Kennewick";"Washington";"United States";"00000000010C4260E5D022CB5DC0C3F5285C8F1A4740";1;28/9/2009 20:19:34;28/9/2009 20:19:34
857;"City";"North America";"Key West";"Florida";"United States";"00000000010CBC749318047254C072F90FE9B78F3840";1;28/9/2009 20:19:34;28/9/2009 20:19:34
858;"City";"North America";"La Porte";"Texas";"United States";"00000000010CE3A59BC420C856C0F697DD9387A54140";1;28/9/2009 20:19:34;28/9/2009 20:19:34
859;"City";"North America";"Lafayette";"Colorado";"United States";"00000000010C8FC2F5285CAF57C022FDF675E0044140";1;28/9/2009 20:19:34;28/9/2009 20:19:34
860;"City";"North America";"Lakeland";"Florida";"United States";"00000000010C287E8CB96B7D54C0F0164850FC083C40";1;28/9/2009 20:19:34;28/9/2009 20:19:34
861;"City";"North America";"Leominster";"Massachusetts";"United States";"00000000010CDDB5847CD0EF51C06DE7FBA9F1424540";1;28/9/2009 20:19:34;28/9/2009 20:19:34
862;"City";"North America";"Lewiston";"Maine";"United States";"00000000010CD50968226CA055C04694F6065F684640";1;28/9/2009 20:19:34;28/9/2009 20:19:34
863;"City";"North America";"Lewisville";"Texas";"United States";"00000000010C4703780B244C58C05F07CE1951B24040";1;28/9/2009 20:19:34;28/9/2009 20:19:34
864;"City";"North America";"Litchfield County";"Connecticut";"United States";"E6100000010CA2B437F8C24C52C039B4C876BEDF4440";1;28/9/2009 20:19:34;28/9/2009 20:19:34
865;"City";"North America";"Littleton";"Colorado";"United States";"00000000010C4DF38E53749058C0764F1E166A254440";1;28/9/2009 20:19:34;28/9/2009 20:19:34
866;"City";"North America";"Longview";"Texas";"United States";"00000000010C6ABC7493185459C0F5DBD78173D64140";1;28/9/2009 20:19:34;28/9/2009 20:19:34
867;"City";"North America";"Loveland";"Colorado";"United States";"00000000010CDE02098A1F8F58C0A54E401361034440";1;28/9/2009 20:19:34;28/9/2009 20:19:34
868;"City";"North America";"Lowell";"Massachusetts";"United States";"00000000010C234A7B832F9452C017B7D100DE0A4540";1;28/9/2009 20:19:34;28/9/2009 20:19:34
869;"City";"North America";"Lynn";"Massachusetts";"United States";"00000000010C52B81E85EB2152C091ED7C3F35EE4440";1;28/9/2009 20:19:34;28/9/2009 20:19:34
870;"City";"North America";"Madison";"Wisconsin";"United States";"00000000010CF5DBD781733256C070CE88D2DEE04440";1;28/9/2009 20:19:34;28/9/2009 20:19:34
871;"City";"North America";"Manitowoc";"Wisconsin";"United States";"00000000010C1CEBE2361AEC55C0C2172653050B4640";1;28/9/2009 20:19:34;28/9/2009 20:19:34
872;"City";"North America";"Marshall";"Texas";"United States";"00000000010C26E4839ECDAE56C0F931E6AE251C4440";1;28/9/2009 20:19:34;28/9/2009 20:19:34
873;"City";"North America";"Martinsville";"Virginia";"United States";"00000000010CDC4603780B5C54C0C898BB9690AF4240";1;28/9/2009 20:19:34;28/9/2009 20:19:34
874;"City";"North America";"Menasha";"Wisconsin";"United States";"00000000010CDFE00B93A91A56C0A5BDC117261B4640";1;28/9/2009 20:19:34;28/9/2009 20:19:34
875;"City";"North America";"Miami";"Florida";"United States";"00000000010C492EFF21FD1E54C0AC8BDB6800EF3940";1;28/9/2009 20:19:34;28/9/2009 20:19:34
876;"City";"North America";"Midland";"Texas";"United States";"00000000010C2CD49AE61D0758C0C0EC9E3C2CCC4140";1;28/9/2009 20:19:34;28/9/2009 20:19:34
877;"City";"North America";"Milliken";"Colorado";"United States";"00000000010C4C37894160355AC08BFD65F7E4294440";1;28/9/2009 20:19:34;28/9/2009 20:19:34
878;"City";"North America";"Milwaukee";"Wisconsin";"United States";"00000000010CBE9F1A2FDD0056C046B6F3FDD4884540";1;28/9/2009 20:19:34;28/9/2009 20:19:34
879;"City";"North America";"Minden";"Texas";"United States";"00000000010CF0A7C64B37895AC096438B6CE7034240";1;28/9/2009 20:19:34;28/9/2009 20:19:34
880;"City";"North America";"Montclair";"New Jersey";"United States";"00000000010C82E2C798BBCE56C0F4FDD478E9164340";1;28/9/2009 20:19:34;28/9/2009 20:19:34
882;"City";"North America";"Morristown";"New Jersey";"United States";"00000000010CF163CC5D4B3453C0728A8EE4F2D74340";1;28/9/2009 20:19:34;28/9/2009 20:19:34
883;"City";"North America";"Nantucket";"Massachusetts";"United States";"00000000010CFCA9F1D24D8651C08716D9CEF7A34440";1;28/9/2009 20:19:34;28/9/2009 20:19:34
884;"City";"North America";"Naples";"Florida";"United States";"00000000010C4B598638D67154C0DFE00B93A9323A40";1;28/9/2009 20:19:34;28/9/2009 20:19:34
885;"City";"North America";"New Bedford";"Massachusetts";"United States";"00000000010C5D6DC5FEB2BB51C04DF38E5374D44440";1;28/9/2009 20:19:34;28/9/2009 20:19:34
886;"City";"North America";"New Brunswick";"New Jersey";"United States";"00000000010C54742497FF9C52C0E6AE25E4833E4440";1;28/9/2009 20:19:34;28/9/2009 20:19:34
887;"City";"North America";"New Castle";"Colorado";"United States";"00000000010C7B832F4CA65E53C06ABC749318044440";1;28/9/2009 20:19:34;28/9/2009 20:19:34
888;"City";"North America";"New Haven";"Connecticut";"United States";"00000000010CE3361AC05B7452C0FB5C6DC5FEA24440";1;28/9/2009 20:19:34;28/9/2009 20:19:34
889;"City";"North America";"New London";"Connecticut";"United States";"00000000010C96438B6CE75F53C0D49AE61DA7104540";1;28/9/2009 20:19:34;28/9/2009 20:19:34
890;"City";"North America";"New York";"New York";"United States";"00000000010CC74B3789418052C0E02D90A0F8614440";1;28/9/2009 20:19:34;28/9/2009 20:19:34
891;"City";"North America";"Newark";"New Jersey";"United States";"00000000010C0F9C33A2B43754C0C7293A92CB074440";1;28/9/2009 20:19:34;28/9/2009 20:19:34
892;"City";"North America";"Norfolk";"Virginia";"United States";"00000000010C6F1283C0CA8953C004E78C28EDAD4240";1;28/9/2009 20:19:34;28/9/2009 20:19:34
893;"City";"North America";"North Bend";"Washington";"United States";"00000000010CE7FBA9F1D2F55EC0295C8FC2F5004640";1;28/9/2009 20:19:34;28/9/2009 20:19:34
894;"City";"North America";"North Harford";"Maryland";"United States";"E6100000010C4F1E166A4D1753C06D567DAEB6CA4340";1;28/9/2009 20:19:34;28/9/2009 20:19:34
895;"City";"North America";"Northampton";"Massachusetts";"United States";"00000000010C13F241CF664D52C0AAF1D24D62004540";1;28/9/2009 20:19:34;28/9/2009 20:19:34
896;"City";"North America";"Old Saybrook";"Connecticut";"United States";"00000000010CA323B9FC871852C067D5E76A2BA64440";1;28/9/2009 20:19:34;28/9/2009 20:19:34
897;"City";"North America";"Orange";"Texas";"United States";"00000000010CE9263108ACE45BC0448B6CE7FB394140";1;28/9/2009 20:19:34;28/9/2009 20:19:34
898;"City";"North America";"Oregon";"Wisconsin";"United States";"00000000010C2F6EA301BC1156C03EE8D9ACFAFC4440";1;28/9/2009 20:19:34;28/9/2009 20:19:34
899;"City";"North America";"Orlando";"Florida";"United States";"00000000010C401361C3D35754C0B515FBCBEE893C40";1;28/9/2009 20:19:34;28/9/2009 20:19:34
900;"City";"North America";"Orono";"Maine";"United States";"00000000010CFB5C6DC5FE2E51C0C364AA6054724640";1;28/9/2009 20:19:34;28/9/2009 20:19:34
901;"City";"North America";"Oshkosh";"Wisconsin";"United States";"00000000010C7AC7293A922356C0A7E8482EFF014640";1;28/9/2009 20:19:34;28/9/2009 20:19:34
902;"City";"North America";"Oswego";"New York";"United States";"00000000010CCC7F48BF7DDD54C093A9825149354540";1;28/9/2009 20:19:34;28/9/2009 20:19:34
904;"City";"North America";"Parker";"Colorado";"United States";"00000000010CC976BE9F1AB75AC096B20C71AC234340";1;28/9/2009 20:19:34;28/9/2009 20:19:34
905;"City";"North America";"Parkville";"Maryland";"United States";"00000000010C05A3923A012956C05227A089B0A14340";1;28/9/2009 20:19:34;28/9/2009 20:19:34
906;"City";"North America";"Pasadena";"Texas";"United States";"00000000010C3F355EBA49F45BC0DDB5847CD0A34040";1;28/9/2009 20:19:34;28/9/2009 20:19:34
907;"City";"North America";"Passaic";"New Jersey";"United States";"00000000010C3F355EBA498852C0A167B3EA736D4440";1;28/9/2009 20:19:34;28/9/2009 20:19:34
908;"City";"North America";"Paterson";"New Jersey";"United States";"00000000010CD95F764F1E8A52C03EE8D9ACFA744440";1;28/9/2009 20:19:34;28/9/2009 20:19:34
909;"City";"North America";"Pittsfield";"Massachusetts";"United States";"00000000010C6A4DF38E53A052C0DA1B7C6132354540";1;28/9/2009 20:19:34;28/9/2009 20:19:34
910;"City";"North America";"Plano";"Texas";"United States";"00000000010C4C378941602D58C06DE7FBA9F18A4040";1;28/9/2009 20:19:34;28/9/2009 20:19:34
911;"City";"North America";"Plattsburgh";"New York";"United States";"00000000010C5F984C158C5E52C037894160E5584640";1;28/9/2009 20:19:34;28/9/2009 20:19:34
912;"City";"North America";"Poestenkill";"New York";"United States";"00000000010C3FC6DCB5846452C071AC8BDB68584540";1;28/9/2009 20:19:34;28/9/2009 20:19:34
913;"City";"North America";"Port Washington";"Wisconsin";"United States";"00000000010CAC1C5A643B5B53C0B9FC87F4DBBF4440";1;28/9/2009 20:19:34;28/9/2009 20:19:34
914;"City";"North America";"Provincetown";"Massachusetts";"United States";"00000000010C1B0DE02D908C51C0302AA913D0044540";1;28/9/2009 20:19:34;28/9/2009 20:19:34
915;"City";"North America";"Queen Anne's County";"Maryland";"United States";"E6100000010CD1915CFE430A53C08351499D807E4340";1;28/9/2009 20:19:34;28/9/2009 20:19:34
916;"City";"North America";"Queens";"New York";"United States";"E6100000010C744694F6067352C0645DDC4603604440";1;28/9/2009 20:19:34;28/9/2009 20:19:34
917;"City";"North America";"Quincy";"Massachusetts";"United States";"00000000010C33333333339F54C0986E1283C07A4440";1;28/9/2009 20:19:34;28/9/2009 20:19:34
918;"City";"North America";"Racine";"Wisconsin";"United States";"00000000010CCD3B4ED191F455C0764F1E166A5D4540";1;28/9/2009 20:19:34;28/9/2009 20:19:34
919;"City";"North America";"Richardson";"Texas";"United States";"00000000010CCB10C7BAB82D58C0CE1951DA1B7C4040";1;28/9/2009 20:19:34;28/9/2009 20:19:34
920;"City";"North America";"Ridgely";"Maryland";"United States";"00000000010C58A835CD3BFA52C09D11A5BDC1774340";1;28/9/2009 20:19:34;28/9/2009 20:19:34
921;"City";"North America";"Roanoke";"Virginia";"United States";"00000000010C36CD3B4ED13D54C07D3F355EBA914240";1;28/9/2009 20:19:34;28/9/2009 20:19:34
922;"City";"North America";"Rochester";"New York";"United States";"00000000010C62A1D634EFEC53C0705F07CE19994540";1;28/9/2009 20:19:34;28/9/2009 20:19:34
923;"City";"North America";"Round Rock";"Texas";"United States";"00000000010C5D6DC5FEB26B58C0840D4FAF94853E40";1;28/9/2009 20:19:34;28/9/2009 20:19:34
924;"City";"North America";"Russellville";"Texas";"United States";"00000000010C613255302AE556C0637FD93D79B84140";1;28/9/2009 20:19:34;28/9/2009 20:19:34
925;"City";"North America";"San Antonio";"Texas";"United States";"00000000010C598638D6C59D58C0ACADD85F767F3D40";1;28/9/2009 20:19:34;28/9/2009 20:19:34
926;"City";"North America";"Sebring";"Florida";"United States";"00000000010CB7D100DE025554C0FD87F4DBD7A13F40";1;28/9/2009 20:19:34;28/9/2009 20:19:34
927;"City";"North America";"Sedalia";"Colorado";"United States";"00000000010C448B6CE7FBED57C031992A18956C4340";1;28/9/2009 20:19:34;28/9/2009 20:19:34
928;"City";"North America";"Sheboygan";"Wisconsin";"United States";"00000000010C90A0F831E6EE55C0E63FA4DFBEDE4540";1;28/9/2009 20:19:34;28/9/2009 20:19:34
929;"City";"North America";"Shreveport";"Texas";"United States";"00000000010C302AA913D07057C05B423EE8D93C4040";1;28/9/2009 20:19:34;28/9/2009 20:19:34
930;"City";"North America";"Snoqualmie";"Washington";"United States";"00000000010CA01A2FDD24765EC0CFF753E3A5C34740";1;28/9/2009 20:19:34;28/9/2009 20:19:34
931;"City";"North America";"Somerville";"Massachusetts";"United States";"00000000010CBE9F1A2FDD8052C09487855AD3844440";1;28/9/2009 20:19:34;28/9/2009 20:19:34
932;"City";"North America";"South Portland";"Maine";"United States";"00000000010CF241CF66D59351C0295C8FC2F5D04540";1;28/9/2009 20:19:34;28/9/2009 20:19:34
933;"City";"North America";"Spring";"Texas";"United States";"00000000010CAED85F764FDE57C0696FF085C9143E40";1;28/9/2009 20:19:34;28/9/2009 20:19:34
934;"City";"North America";"Stoughton";"Wisconsin";"United States";"00000000010C08AC1C5A64D352C0F0164850FC284540";1;28/9/2009 20:19:34;28/9/2009 20:19:34
935;"City";"North America";"Sunnyside";"Washington";"United States";"00000000010C736891ED7C1F5BC06666666666764640";1;28/9/2009 20:19:34;28/9/2009 20:19:34
936;"City";"North America";"Syracuse";"New York";"United States";"00000000010C8716D9CEF74F53C0728A8EE4F2774540";1;28/9/2009 20:19:34;28/9/2009 20:19:34
937;"City";"North America";"Tallahassee";"Florida";"United States";"00000000010C44696FF0851155C0D881734694763E40";1;28/9/2009 20:19:34;28/9/2009 20:19:34
938;"City";"North America";"Tampa";"Florida";"United States";"00000000010C24287E8CB99F54C097FF907EFBFA3B40";1;28/9/2009 20:19:34;28/9/2009 20:19:34
939;"City";"North America";"Texas City";"Texas";"United States";"00000000010C6891ED7C3FBD57C0F775E09C11653D40";1;28/9/2009 20:19:34;28/9/2009 20:19:34
940;"City";"North America";"Thornton";"Colorado";"United States";"00000000010CD34D621058F959C07DD0B359F5F14340";1;28/9/2009 20:19:34;28/9/2009 20:19:34
941;"City";"North America";"Toppenish";"Washington";"United States";"00000000010C4C37894160155EC01CEBE2361A304740";1;28/9/2009 20:19:34;28/9/2009 20:19:34
943;"City";"North America";"Trenton";"New Jersey";"United States";"00000000010CA7E8482EFF4953C032E6AE25E4034440";1;28/9/2009 20:19:34;28/9/2009 20:19:34
944;"City";"North America";"Veradale";"Washington";"United States";"00000000010C23DBF97E6A4C5DC035EF384547D24740";1;28/9/2009 20:19:34;28/9/2009 20:19:34
945;"City";"North America";"Vineland";"New Jersey";"United States";"00000000010CFD87F4DBD7C152C0917EFB3A70BE4340";1;28/9/2009 20:19:34;28/9/2009 20:19:34
946;"City";"North America";"Virginia Beach";"Virginia";"United States";"00000000010C5F984C158C0653C05EBA490C026B4240";1;28/9/2009 20:19:34;28/9/2009 20:19:34
947;"City";"North America";"Wapato";"Washington";"United States";"00000000010C33333333331B5EC09A779CA223394740";1;28/9/2009 20:19:34;28/9/2009 20:19:34
948;"City";"North America";"Waterbury";"Connecticut";"United States";"00000000010C8C4AEA04344152C0FAEDEBC039E34440";1;28/9/2009 20:19:34;28/9/2009 20:19:34
949;"City";"North America";"Waukesha";"Wisconsin";"United States";"00000000010C90A0F831E60E56C0E0BE0E9C33824540";1;28/9/2009 20:19:34;28/9/2009 20:19:34
950;"City";"North America";"Wheat Ridge";"Colorado";"United States";"00000000010CE5D022DBF9465AC0401361C3D3E34340";1;28/9/2009 20:19:34;28/9/2009 20:19:34
951;"City";"North America";"Winchester";"Virginia";"United States";"00000000010CF241CF66D5C353C0AC8BDB68009F4340";1;28/9/2009 20:19:34;28/9/2009 20:19:34
952;"City";"North America";"Worcester";"Massachusetts";"United States";"00000000010CA01A2FDD24FA51C05F984C158C1A4540";1;28/9/2009 20:19:34;28/9/2009 20:19:34
424;"City";"North America";"Bellevue";"Washington";"United States";"00000000010C713D0AD7A3385EC02A3A92CB7FA84740";1;28/9/2009 20:13:34;28/9/2009 20:13:34
430;"City";"North America";"Beverly Hills";"California";"United States";"00000000010CD578E92631585DC033C4B12E6E1B4140";1;28/9/2009 20:13:34;28/9/2009 20:13:34
431;"City";"North America";"Billings";"Montana";"United States";"00000000010CFCA9F1D24D225BC097900F7A36E34640";1;28/9/2009 20:13:34;28/9/2009 20:13:34
432;"City";"North America";"Biloxi";"Mississippi";"United States";"00000000010C3B014D840D3B56C064CC5D4BC8673E40";1;28/9/2009 20:13:34;28/9/2009 20:13:34
433;"City";"North America";"Birmingham";"Alabama";"United States";"00000000010C7AA52C431CA755C099BB96900FF24040";1;28/9/2009 20:13:34;28/9/2009 20:13:34
434;"City";"North America";"Bluffton";"South Carolina";"United States";"00000000010CCD3B4ED191A854C0857CD0B359054240";1;28/9/2009 20:13:34;28/9/2009 20:13:34
436;"City";"North America";"Bothell";"Washington";"United States";"00000000010C068195438B8C5EC0068195438BE44740";1;28/9/2009 20:13:34;28/9/2009 20:13:34
438;"City";"North America";"Bountiful";"Utah";"United States";"00000000010C54E3A59BC4F85BC0B7D100DE02714440";1;28/9/2009 20:13:34;28/9/2009 20:13:34
440;"City";"North America";"Braintree";"Massachusetts";"United States";"00000000010CEF38454772C151C0FAEDEBC0391B4540";1;28/9/2009 20:13:34;28/9/2009 20:13:34
441;"City";"North America";"Branson";"Missouri";"United States";"00000000010CC7BAB88D065057C03411363CBD524240";1;28/9/2009 20:13:34;28/9/2009 20:13:34
442;"City";"North America";"Bremerton";"Washington";"United States";"00000000010C46B6F3FDD4A85EC061C3D32B65C94740";1;28/9/2009 20:13:34;28/9/2009 20:13:34
443;"City";"North America";"Burbank";"California";"United States";"00000000010C7F6ABC7493885DC01283C0CAA11D4140";1;28/9/2009 20:13:34;28/9/2009 20:13:34
444;"City";"North America";"Burbank";"Ohio";"United States";"00000000010C7F6ABC7493885DC01283C0CAA11D4140";1;28/9/2009 20:13:34;28/9/2009 20:13:34
445;"City";"North America";"Burlingame";"California";"United States";"00000000010CBA490C022B975EC0F90FE9B7AFCB4240";1;28/9/2009 20:13:34;28/9/2009 20:13:34
448;"City";"North America";"Byron";"Georgia";"United States";"00000000010CCA54C1A8A4A656C0FFB27BF2B0E04340";1;28/9/2009 20:13:34;28/9/2009 20:13:34
450;"City";"North America";"Campbellsville";"Kentucky";"United States";"00000000010C68B3EA73B55555C0C0EC9E3C2CAC4240";1;28/9/2009 20:13:34;28/9/2009 20:13:34
451;"City";"North America";"Carol Stream";"Illinois";"United States";"00000000010CECC039234A0756C04DF38E5374F44440";1;28/9/2009 20:13:34;28/9/2009 20:13:34
452;"City";"North America";"Carrollton";"Texas";"United States";"00000000010C2FDD240681D157C019E25817B7994040";1;28/9/2009 20:13:34;28/9/2009 20:13:34
453;"City";"North America";"Cedar Park";"Texas";"United States";"00000000010C46B6F3FDD47458C0355EBA490C823E40";1;28/9/2009 20:13:34;28/9/2009 20:13:34
455;"City";"North America";"Cerritos";"California";"United States";"00000000010CCFF753E3A5835DC08048BF7D1DF04040";1;28/9/2009 20:13:34;28/9/2009 20:13:34
457;"City";"North America";"Chantilly";"Virginia";"United States";"00000000010C7F6ABC74935C53C099BB96900F724340";1;28/9/2009 20:13:34;28/9/2009 20:13:34
458;"City";"North America";"Charlotte";"North Carolina";"United States";"00000000010CDFE00B93A93A54C0F54A598638A64140";1;28/9/2009 20:13:34;28/9/2009 20:13:34
460;"City";"North America";"Chehalis";"Washington";"United States";"00000000010C17D9CEF753BB5EC0DD24068195534740";1;28/9/2009 20:13:34;28/9/2009 20:13:34
461;"City";"North America";"Cheyenne";"Wyoming";"United States";"00000000010CA4703D0AD7335AC060E5D022DB914440";1;28/9/2009 20:13:34;28/9/2009 20:13:34
462;"City";"North America";"Cincinnati";"Ohio";"United States";"00000000010C6B9A779CA21F55C057EC2FBB27974340";1;28/9/2009 20:13:34;28/9/2009 20:13:34
463;"City";"North America";"City Of Commerce";"California";"United States";"00000000010CB6F3FDD478895DC09D11A5BDC1FF4040";1;28/9/2009 20:13:34;28/9/2009 20:13:34
464;"City";"North America";"Clarkston";"Georgia";"United States";"00000000010C83C0CAA1452A57C0029A081B9E764540";1;28/9/2009 20:13:34;28/9/2009 20:13:34
465;"City";"North America";"Clay";"New York";"United States";"00000000010C9A779CA2234554C0EBE2361AC03B4340";1;28/9/2009 20:13:34;28/9/2009 20:13:34
466;"City";"North America";"Clearwater";"Florida";"United States";"00000000010C1B9E5E29CBB454C0EF38454772093C40";1;28/9/2009 20:13:34;28/9/2009 20:13:34
469;"City";"North America";"Colma";"California";"United States";"00000000010C2FDD2406819D5EC0E71DA7E848D64240";1;28/9/2009 20:13:34;28/9/2009 20:13:34
470;"City";"North America";"Concord";"California";"United States";"00000000010C0E2DB29DEF6B57C05839B4C876C64340";1;28/9/2009 20:13:34;28/9/2009 20:13:34
472;"City";"North America";"Daly City";"California";"United States";"00000000010CBC749318049E5EC058CA32C4B1D64240";1;28/9/2009 20:13:34;28/9/2009 20:13:34
475;"City";"North America";"Downey";"California";"United States";"00000000010CB81E85EB51885DC072F90FE9B7F74040";1;28/9/2009 20:13:34;28/9/2009 20:13:34
479;"City";"North America";"Edmonds";"Washington";"United States";"00000000010C8FC2F5285C975EC0E5F21FD26FE74740";1;28/9/2009 20:13:34;28/9/2009 20:13:34
488;"City";"North America";"Grossmont";"California";"United States";"E6100000010C9EEFA7C64B3F5DC0F853E3A59B644040";1;28/9/2009 20:13:34;28/9/2009 20:13:34
494;"City";"North America";"Imperial Beach";"California";"United States";"00000000010C39B4C876BE475DC03411363CBD4A4040";1;28/9/2009 20:13:34;28/9/2009 20:13:34
495;"City";"North America";"Issaquah";"Washington";"United States";"00000000010CC3F5285C8F825EC0F7065F984CC54740";1;28/9/2009 20:13:34;28/9/2009 20:13:34
500;"City";"North America";"Lebanon";"Oregon";"United States";"00000000010C5F07CE19515254C0598638D6C5ED4340";1;28/9/2009 20:13:34;28/9/2009 20:13:34
502;"City";"North America";"Lemon Grove";"California";"United States";"00000000010C894160E5D0425DC04A0C022B875E4040";1;28/9/2009 20:13:34;28/9/2009 20:13:34
505;"City";"North America";"Lincoln Acres";"California";"United States";"E6100000010CE9263108AC445DC0F775E09C11554040";1;28/9/2009 20:13:34;28/9/2009 20:13:34
507;"City";"North America";"Lynnwood";"Washington";"United States";"00000000010CEE7C3F355E925EC0273108AC1CEA4740";1;28/9/2009 20:13:34;28/9/2009 20:13:34
508;"City";"North America";"Marysville";"Washington";"United States";"00000000010C5839B4C8767659C0764F1E166AB54540";1;28/9/2009 20:13:34;28/9/2009 20:13:34
516;"City";"North America";"National City";"California";"United States";"00000000010C14AE47E17AF45CC0D3BCE3141D794040";1;28/9/2009 20:13:34;28/9/2009 20:13:34
520;"City";"North America";"Oakland";"California";"United States";"00000000010CA8C64B3789895DC0C976BE9F1AFF4240";1;28/9/2009 20:13:34;28/9/2009 20:13:34
522;"City";"North America";"Olympia";"Washington";"United States";"00000000010C0000000000B85EC0CEAACFD556844740";1;28/9/2009 20:13:34;28/9/2009 20:13:34
523;"City";"North America";"Oregon City";"Oregon";"United States";"00000000010C77BE9F1A2FA55EC088635DDC46AB4640";1;28/9/2009 20:13:34;28/9/2009 20:13:34
527;"City";"North America";"Palo Alto";"California";"United States";"00000000010C46B6F3FDD4885EC02CD49AE61DB74240";1;28/9/2009 20:13:34;28/9/2009 20:13:34
535;"City";"North America";"Port Orchard";"Washington";"United States";"00000000010C8B6CE7FBA9A95EC0280F0BB5A6C14740";1;28/9/2009 20:13:34;28/9/2009 20:13:34
536;"City";"North America";"Portland";"Oregon";"United States";"00000000010C7B14AE47E1D25CC04694F6065F904640";1;28/9/2009 20:13:34;28/9/2009 20:13:34
537;"City";"North America";"Puyallup";"Washington";"United States";"00000000010C894160E5D0925EC06666666666964740";1;28/9/2009 20:13:34;28/9/2009 20:13:34
538;"City";"North America";"Redwood City";"California";"United States";"00000000010CD7A3703D0A8F5EC08CB96B09F9C04240";1;28/9/2009 20:13:34;28/9/2009 20:13:34
546;"City";"North America";"San Carlos";"California";"United States";"00000000010C14AE47E17A745EC06744696FF0AD4240";1;28/9/2009 20:13:34;28/9/2009 20:13:34
547;"City";"North America";"Santa Monica";"California";"United States";"00000000010C2DB29DEFA79E5DC0A52C431CEB024140";1;28/9/2009 20:13:34;28/9/2009 20:13:34
551;"City";"North America";"Spokane";"Washington";"United States";"00000000010C66666666664E5DC0E09C11A5BDD14740";1;28/9/2009 20:13:34;28/9/2009 20:13:34
552;"City";"North America";"Spring Valley";"California";"United States";"00000000010CF853E3A59B0C58C0F38E537424474340";1;28/9/2009 20:13:34;28/9/2009 20:13:34
559;"City";"North America";"Tacoma";"Washington";"United States";"00000000010C3108AC1C5A9C5EC03D0AD7A3709D4740";1;28/9/2009 20:13:34;28/9/2009 20:13:34
560;"City";"North America";"Torrance";"California";"United States";"00000000010CBE9F1A2FDD945DC0DE02098A1FEB4040";1;28/9/2009 20:13:34;28/9/2009 20:13:34
566;"City";"North America";"Walla Walla";"Washington";"United States";"00000000010CF6285C8FC2955DC08048BF7D1D084740";1;28/9/2009 20:13:34;28/9/2009 20:13:34
570;"City";"North America";"West Covina";"California";"United States";"00000000010CD122DBF97E7A5DC029CB10C7BA084140";1;28/9/2009 20:13:34;28/9/2009 20:13:34
573;"City";"North America";"Woodburn";"Oregon";"United States";"00000000010C022B8716D9B65EC0C217265305934640";1;28/9/2009 20:13:34;28/9/2009 20:13:34
575;"City";"North America";"Yakima";"Washington";"United States";"00000000010C3BDF4F8D971E5EC04BEA043411364740";1;28/9/2009 20:13:34;28/9/2009 20:13:34
577;"City";"North America";"Ballard";"Washington";"United States";"E6100000010C1B2FDD2406995EC0D95F764F1ED64740";1;28/9/2009 20:13:34;28/9/2009 20:13:34
578;"City";"North America";"Barstow";"California";"United States";"00000000010C6ABC749318445DC0BB270F0BB56E4140";1;28/9/2009 20:13:34;28/9/2009 20:13:34
579;"City";"North America";"Baytown";"Texas";"United States";"00000000010C2E90A0F831BE57C0A7E8482EFFC13D40";1;28/9/2009 20:13:34;28/9/2009 20:13:34
580;"City";"North America";"Beaverton";"Oregon";"United States";"00000000010C2FDD240681A55EC01283C0CAA1BD4640";1;28/9/2009 20:13:34;28/9/2009 20:13:34
581;"City";"North America";"Bell Gardens";"California";"United States";"00000000010C0AD7A3703D8A5DC05EBA490C02FB4040";1;28/9/2009 20:13:34;28/9/2009 20:13:34
582;"City";"North America";"Bellflower";"California";"United States";"00000000010CE3A59BC420885DC00C022B8716F14040";1;28/9/2009 20:13:34;28/9/2009 20:13:34
583;"City";"North America";"Bellingham";"Washington";"United States";"00000000010C8B6CE7FBA9F95DC03B014D840D374840";1;28/9/2009 20:13:34;28/9/2009 20:13:34
584;"City";"North America";"Berkeley";"California";"United States";"00000000010C1B2FDD2406195EC07A36AB3E570B4340";1;28/9/2009 20:13:34;28/9/2009 20:13:34
593;"City";"North America";"Bradenton";"Florida";"United States";"00000000010C742497FF90A254C06666666666763B40";1;28/9/2009 20:13:34;28/9/2009 20:13:34
594;"City";"North America";"Branch";"Minnesota";"United States";"E6100000010C5AF5B9DA8A3D57C091ED7C3F35BE4640";1;28/9/2009 20:13:34;28/9/2009 20:13:34
597;"City";"North America";"Burien";"Washington";"United States";"00000000010C21B0726891955EC0ECC039234ABB4740";1;28/9/2009 20:13:34;28/9/2009 20:13:34
600;"City";"North America";"Camarillo";"California";"United States";"00000000010C355EBA490CC25DC088855AD3BC1B4140";1;28/9/2009 20:13:34;28/9/2009 20:13:34
601;"City";"North America";"Canoga Park";"California";"United States";"00000000010C83C0CAA145A65DC05F984C158C1A4140";1;28/9/2009 20:13:34;28/9/2009 20:13:34
602;"City";"North America";"Carson";"California";"United States";"00000000010C85EB51B81E6D5DC0280F0BB5A6F14040";1;28/9/2009 20:13:34;28/9/2009 20:13:34
603;"City";"North America";"Casper";"Wyoming";"United States";"00000000010C4C37894160955AC0ADFA5C6DC56E4540";1;28/9/2009 20:13:34;28/9/2009 20:13:34
604;"City";"North America";"Cedar City";"Utah";"United States";"00000000010CA01A2FDD24465CC04D158C4AEADC4240";1;28/9/2009 20:13:34;28/9/2009 20:13:34
605;"City";"North America";"Central Valley";"New York";"United States";"00000000010C401361C3D38752C0EFC9C342ADA94440";1;28/9/2009 20:13:34;28/9/2009 20:13:34
606;"City";"North America";"Chandler";"Arizona";"United States";"00000000010C8716D9CEF7C35BC01D38674469BF4040";1;28/9/2009 20:13:34;28/9/2009 20:13:34
607;"City";"North America";"Cheektowaga";"New York";"United States";"00000000010CE3A59BC420B053C0068195438B744540";1;28/9/2009 20:13:34;28/9/2009 20:13:34
609;"City";"North America";"Chicago";"Illinois";"United States";"00000000010CEE5A423EE8E955C07DAEB6627FF14440";1;28/9/2009 20:13:34;28/9/2009 20:13:34
610;"City";"North America";"Chula Vista";"California";"United States";"00000000010C52B81E85EB415DC0D49AE61DA7504040";1;28/9/2009 20:13:34;28/9/2009 20:13:34
611;"City";"North America";"Citrus Heights";"California";"United States";"00000000010C1904560E2D525EC0711B0DE02D584340";1;28/9/2009 20:13:34;28/9/2009 20:13:34
612;"City";"North America";"Clackamas";"Oregon";"United States";"00000000010C08AC1C5A64A35EC086C954C1A8B44640";1;28/9/2009 20:13:34;28/9/2009 20:13:34
614;"City";"North America";"College Station";"Texas";"United States";"00000000010C97FF907EFB1258C0986E1283C09A3E40";1;28/9/2009 20:13:34;28/9/2009 20:13:34
617;"City";"North America";"Columbus";"Georgia";"United States";"00000000010C6DE7FBA9F1FA54C0780B24287E844340";1;28/9/2009 20:13:34;28/9/2009 20:13:34
618;"City";"North America";"Columbus";"Ohio";"United States";"00000000010C6DE7FBA9F1FA54C0780B24287E844340";1;28/9/2009 20:13:34;28/9/2009 20:13:34
619;"City";"North America";"Coronado";"California";"United States";"00000000010C5EBA490C024B5DC02A3A92CB7F584040";1;28/9/2009 20:13:34;28/9/2009 20:13:34
620;"City";"North America";"Corvallis";"Oregon";"United States";"00000000010C6ABC749318BC5EC002BC0512144F4640";1;28/9/2009 20:13:34;28/9/2009 20:13:34
625;"City";"North America";"El Cajon";"California";"United States";"00000000010C04560E2DB23D5DC0C976BE9F1A674040";1;28/9/2009 20:13:34;28/9/2009 20:13:34
627;"City";"North America";"Everett";"Washington";"United States";"00000000010C5C8FC2F528745DC0CFF753E3A5BB4740";1;28/9/2009 20:13:34;28/9/2009 20:13:34
631;"City";"North America";"Fremont";"California";"United States";"00000000010C273108AC1C625DC0E4141DC9E5074340";1;28/9/2009 20:13:34;28/9/2009 20:13:34
633;"City";"North America";"Glendale";"California";"United States";"00000000010CF0A7C64B37295CC0E8D9ACFA5C754140";1;28/9/2009 20:13:34;28/9/2009 20:13:34
642;"City";"North America";"Kirkland";"Washington";"United States";"00000000010C3F355EBA497C5EC0A779C7293AD24740";1;28/9/2009 20:13:34;28/9/2009 20:13:34
643;"City";"North America";"La Jolla";"California";"United States";"00000000010C1D5A643BDF4F5DC03BDF4F8D976E4040";1;28/9/2009 20:13:34;28/9/2009 20:13:34
644;"City";"North America";"Lake Oswego";"Oregon";"United States";"00000000010C7593180456AE5EC085EB51B81EB54640";1;28/9/2009 20:13:34;28/9/2009 20:13:34
645;"City";"North America";"Lakewood";"California";"United States";"00000000010CA52C431CEB7A58C08D28ED0DBE084440";1;28/9/2009 20:13:34;28/9/2009 20:13:34
652;"City";"North America";"Long Beach";"California";"United States";"00000000010C60E5D022DBF15CC01A51DA1B7C014140";1;28/9/2009 20:13:34;28/9/2009 20:13:34
653;"City";"North America";"Los Angeles";"California";"United States";"00000000010CCDCCCCCCCC945DC03D0AD7A370054140";1;28/9/2009 20:13:34;28/9/2009 20:13:34
658;"City";"North America";"Mill Valley";"California";"United States";"00000000010CB6F3FDD478A15EC01973D712F2F14240";1;28/9/2009 20:13:34;28/9/2009 20:13:34
660;"City";"North America";"Milwaukie";"Oregon";"United States";"00000000010C560E2DB29DA75EC0B98D06F016B84640";1;28/9/2009 20:13:34;28/9/2009 20:13:34
667;"City";"North America";"Newport Beach";"California";"United States";"00000000010CE3A59BC420785DC05F07CE1951D24040";1;28/9/2009 20:13:34;28/9/2009 20:13:34
670;"City";"North America";"Novato";"California";"United States";"00000000010C7B14AE47E1A25EC0FB3A70CE880A4340";1;28/9/2009 20:13:34;28/9/2009 20:13:34
677;"City";"North America";"Redmond";"Washington";"United States";"00000000010CD9CEF753E3855EC0CAC342AD69C64740";1;28/9/2009 20:13:34;28/9/2009 20:13:34
678;"City";"North America";"Renton";"Washington";"United States";"00000000010CBC749318048E5EC0083D9B559FBB4740";1;28/9/2009 20:13:34;28/9/2009 20:13:34
686;"City";"North America";"Salem";"Oregon";"United States";"00000000010CA913D044D88058C05EBA490C02634540";1;28/9/2009 20:13:34;28/9/2009 20:13:34
688;"City";"North America";"San Diego";"California";"United States";"00000000010CFCA9F1D24D4A5DC0ED9E3C2CD46A4040";1;28/9/2009 20:13:34;28/9/2009 20:13:34
689;"City";"North America";"San Francisco";"California";"United States";"00000000010C52B81E85EB995EC0CEAACFD556E44240";1;28/9/2009 20:13:34;28/9/2009 20:13:34
690;"City";"North America";"San Gabriel";"California";"United States";"00000000010CCBA145B6F3855DC0A3923A014D0C4140";1;28/9/2009 20:13:34;28/9/2009 20:13:34
691;"City";"North America";"Santa Cruz";"California";"United States";"00000000010CE17A14AE47815EC0CCEEC9C3427D4240";1;28/9/2009 20:13:34;28/9/2009 20:13:34
693;"City";"North America";"Seattle";"Washington";"United States";"00000000010C5A643BDF4F955EC0840D4FAF94CD4740";1;28/9/2009 20:13:34;28/9/2009 20:13:34
694;"City";"North America";"Sedro Woolley";"Washington";"United States";"00000000010CE3A59BC420885EC0D3DEE00B93414840";1;28/9/2009 20:13:34;28/9/2009 20:13:34
703;"City";"North America";"W. Linn";"Oregon";"United States";"E6100000010C643BDF4F8DA75EC011C7BAB88DAE4640";1;28/9/2009 20:13:34;28/9/2009 20:13:34
707;"City";"North America";"Woodland Hills";"California";"United States";"00000000010C83C0CAA145A65DC0CA54C1A8A4164140";1;28/9/2009 20:13:34;28/9/2009 20:13:34
302;"Country/Region";"North America";"";"";"United States";"000003000000004A00000003000000004B00000003000000004C00000003000000004D00000003000000004E00000003000000004F00000003000000005000000003000000005100000003000000005200000003000000005300000003000000005400000003";1;28/9/2009 19:51:53;28/9/2009 19:51:53
366;"State/Province";"North America";"";"Alaska";"United States";"";1;28/9/2009 19:53:25;28/9/2009 19:53:25
369;"State/Province";"North America";"";"Colorado";"United States";"402671335FD88259C01220F8D41BD2424001000000020000000001000000FFFFFFFF0000000003";1;28/9/2009 19:53:25;28/9/2009 19:53:25
370;"State/Province";"North America";"";"Connecticut";"United States";"EA65F2F16152C02CD8F551E9C2444001000000020000000001000000FFFFFFFF0000000003";1;28/9/2009 19:53:25;28/9/2009 19:53:25
371;"State/Province";"North America";"";"Florida";"United States";"0000000200000003000000000300000003000000000400000003000000000500000003000000000600000003";1;28/9/2009 19:53:25;28/9/2009 19:53:25
372;"State/Province";"North America";"";"Maine";"United States";"906A1651C058E0A4D610334640985DB1B3D31851C07EA3A0D649304640020000000200000000028F00000003000000FFFFFFFF0000000006000000000000000003000000000100000003";1;28/9/2009 19:53:25;28/9/2009 19:53:25
373;"State/Province";"North America";"";"Maryland";"United States";"0401000005000000FFFFFFFF0000000006000000000000000003000000000100000003000000000200000003000000000300000003";1;28/9/2009 19:53:25;28/9/2009 19:53:25
374;"State/Province";"North America";"";"Massachusetts";"United States";"FFFFFFFF0000000006000000000000000003000000000100000003000000000200000003";1;28/9/2009 19:53:25;28/9/2009 19:53:25
375;"State/Province";"North America";"";"New Jersey";"United States";"00000001000000FFFFFFFF0000000003";1;28/9/2009 19:53:25;28/9/2009 19:53:25
376;"State/Province";"North America";"";"New York";"United States";"00FFFFFFFF0000000006000000000000000003000000000100000003000000000200000003000000000300000003";1;28/9/2009 19:53:25;28/9/2009 19:53:25
379;"State/Province";"North America";"";"South Carolina";"United States";"C0ACE0ABAC2C1C4040C39DD775052E54C096B0A697D72240405CD0B8B8233154C09454AE631B21404002000000020000000002F300000003000000FFFFFFFF0000000006000000000000000003000000000100000003";1;28/9/2009 19:53:25;28/9/2009 19:53:25
380;"State/Province";"North America";"";"Texas";"United States";"0000023A03000007000000FFFFFFFF0000000006000000000000000003000000000100000003000000000200000003000000000300000003000000000400000003000000000500000003";1;28/9/2009 19:53:25;28/9/2009 19:53:25
381;"State/Province";"North America";"";"Virginia";"United States";"5D35FC52C0BAA8B656E5C74240D6F259537DF752C02BE4AD3CB2C64240030000000200000000026B010000027401000004000000FFFFFFFF0000000006000000000000000003000000000100000003000000000200000003";1;28/9/2009 19:53:25;28/9/2009 19:53:25
382;"State/Province";"North America";"";"Washington";"United States";"04000000FFFFFFFF0000000006000000000000000003000000000100000003000000000200000003";1;28/9/2009 19:53:25;28/9/2009 19:53:25
383;"State/Province";"North America";"";"Wisconsin";"United States";"FFFF0000000006000000000000000003000000000100000003";1;28/9/2009 19:53:25;28/9/2009 19:53:25
386;"State/Province";"North America";"";"Mississippi";"United States";"";1;28/9/2009 20:12:20;28/9/2009 20:12:20
390;"State/Province";"North America";"";"Ohio";"United States";"";1;28/9/2009 20:12:20;28/9/2009 20:12:20
392;"State/Province";"North America";"";"Alabama";"United States";"7B4455C056760E600FFB3F4001000000020000000001000000FFFFFFFF0000000003";1;28/9/2009 20:12:20;28/9/2009 20:12:20
394;"State/Province";"North America";"";"Arizona";"United States";"";1;28/9/2009 20:12:20;28/9/2009 20:12:20
396;"State/Province";"North America";"";"North Carolina";"United States";"";1;28/9/2009 20:12:20;28/9/2009 20:12:20
397;"State/Province";"North America";"";"Minnesota";"United States";"";1;28/9/2009 20:12:20;28/9/2009 20:12:20
401;"State/Province";"North America";"";"Wyoming";"United States";"";1;28/9/2009 20:12:20;28/9/2009 20:12:20
406;"State/Province";"North America";"";"Kentucky";"United States";"";1;28/9/2009 20:12:20;28/9/2009 20:12:20
408;"State/Province";"North America";"";"Illinois";"United States";"";1;28/9/2009 20:12:20;28/9/2009 20:12:20
409;"State/Province";"North America";"";"Utah";"United States";"";1;28/9/2009 20:12:20;28/9/2009 20:12:20
411;"State/Province";"North America";"";"Oregon";"United States";"";1;28/9/2009 20:12:20;28/9/2009 20:12:20
415;"State/Province";"North America";"";"Montana";"United States";"";1;28/9/2009 20:12:20;28/9/2009 20:12:20
417;"State/Province";"North America";"";"California";"United States";"";1;28/9/2009 20:12:20;28/9/2009 20:12:20
421;"State/Province";"North America";"";"Missouri";"United States";"";1;28/9/2009 20:12:20;28/9/2009 20:12:20
422;"State/Province";"North America";"";"Georgia";"United States";"";1;28/9/2009 20:12:20;28/9/2009 20:12:20
708;"City";"Asia";"Ashgabat";"Ahal Province";"Turkmenistan";"E6100000010CF31FD26F5F2F4D4044696FF085F94240";1;28/9/2009 20:19:34;28/9/2009 20:19:34
709;"City";"Asia";"Bangkok";"Krung Thep";"Thailand";"E6100000010CEE7C3F355E225940265305A3927A2B40";1;28/9/2009 20:19:34;28/9/2009 20:19:34
710;"City";"Asia";"Beijing";"Beijing";"China";"E6100000010C62105839B4185D405C2041F163F44340";1;28/9/2009 20:19:34;28/9/2009 20:19:34
711;"City";"Asia";"Bishkek";"Chuy Province";"Kyrgyzstan";"E6100000010C8F53742497A35240AEB6627FD96D4540";1;28/9/2009 20:19:34;28/9/2009 20:19:34
712;"City";"Asia";"Busan";"Yeongnam";"South Korea";"E6100000010C986E1283C022604022FDF675E0944140";1;28/9/2009 20:19:34;28/9/2009 20:19:34
713;"City";"Asia";"Canberra";"Molonglo";"Australia";"E6100000010CE3A59BC420A46240075F984C15A441C0";1;28/9/2009 20:19:34;28/9/2009 20:19:34
714;"City";"Asia";"Damascus";"Damascus";"Syria";"00000000010C07F0164850F458C077BE9F1A2F2D4540";1;28/9/2009 20:19:34;28/9/2009 20:19:34
715;"City";"Asia";"Guangzhou";"GuangDong";"China";"E6100000010C5EBA490C02535C4076711B0DE02D3740";1;28/9/2009 20:19:34;28/9/2009 20:19:34
716;"City";"Asia";"Hong Kong";"Hong Kong";"China";"E6100000010C5A643BDF4F8D5C40F931E6AE25443640";1;28/9/2009 20:19:34;28/9/2009 20:19:34
717;"City";"Asia";"Islamabad";"Islamabad Capital Territory";"Pakistan";"E6100000010C772D211FF444524029ED0DBE30D94040";1;28/9/2009 20:19:34;28/9/2009 20:19:34
718;"City";"Asia";"Kolkata";"West Bengal";"India";"E6100000010CBB270F0BB5365240E09C11A5BD113340";1;28/9/2009 20:19:34;28/9/2009 20:19:34
719;"City";"Asia";"Kyoto";"Kansai";"Japan";"E6100000010C14AE47E17AF86040D0B359F5B9824140";1;28/9/2009 20:19:34;28/9/2009 20:19:34
720;"City";"Asia";"Miyagi";"Tohoku";"Japan";"E6100000010C08AC1C5A649B614070CE88D2DE204340";1;28/9/2009 20:19:34;28/9/2009 20:19:34
721;"City";"Asia";"Mumbai";"Maharashtra";"India";"E6100000010C2D211FF46C3A524010E9B7AF03073340";1;28/9/2009 20:19:34;28/9/2009 20:19:34
722;"City";"Asia";"Nagoya";"Chubu";"Japan";"E6100000010C295C8FC2F51C6140C9E53FA4DF964140";1;28/9/2009 20:19:34;28/9/2009 20:19:34
723;"City";"Asia";"New Delhi";"National Capital Territory of Delhi";"India";"E6100000010C1361C3D32B395240C9E53FA4DF0E3340";1;28/9/2009 20:19:34;28/9/2009 20:19:34
724;"City";"Asia";"Osaka";"Kansai";"Japan";"E6100000010C1B2FDD2406F16040AB3E575BB1574140";1;28/9/2009 20:19:34;28/9/2009 20:19:34
725;"City";"Asia";"Sapporo";"Hokkaido";"Japan";"E6100000010CE5D022DBF9AA6140F163CC5D4B884540";1;28/9/2009 20:19:34;28/9/2009 20:19:34
726;"City";"Asia";"Seoul";"Seoul-jikhalsi";"South Korea";"E6100000010CC976BE9F1ABF5F40917EFB3A70C64240";1;28/9/2009 20:19:34;28/9/2009 20:19:34
727;"City";"Asia";"Shanghai";"Shanghai";"China";"E6100000010C48E17A14AE5F5E403D2CD49AE63D3F40";1;28/9/2009 20:19:34;28/9/2009 20:19:34
728;"City";"Asia";"Singapore";"Singapore";"Singapore";"E6100000010C5C8FC2F528F459401ADD41EC4CA1F53F";1;28/9/2009 20:19:34;28/9/2009 20:19:34
729;"City";"Asia";"Taipei";"Taiwan";"Taiwan";"E6100000010CB6F3FDD478615E4062A1D634EF083940";1;28/9/2009 20:19:34;28/9/2009 20:19:34
730;"City";"Asia";"Tehran";"Tehran";"Iran";"E6100000010CBD5296218EB5494029ED0DBE30D94140";1;28/9/2009 20:19:34;28/9/2009 20:19:34
731;"City";"Asia";"Thimphu";"Thimphu District";"Bhutan";"E6100000010C69006F81046956409B559FABAD783B40";1;28/9/2009 20:19:34;28/9/2009 20:19:34
732;"City";"Asia";"Tokyo";"Kanto";"Japan";"E6100000010C0000000000786140D5E76A2BF6D74140";1;28/9/2009 20:19:34;28/9/2009 20:19:34
733;"City";"Asia";"Urumqi";"Xinjiang";"China";"E6100000010CBA6B09F9A0E755406F8104C58FE94540";1;28/9/2009 20:19:34;28/9/2009 20:19:34
734;"City";"Asia";"Yerevan";"Armenia";"Armenia";"E6100000010C1DC9E53FA43F4640075F984C15144440";1;28/9/2009 20:19:34;28/9/2009 20:19:34
735;"City";"Asia";"Yokohama";"Kanto";"Japan";"E6100000010C14AE47E17A74614054E3A59BC4B84140";1;28/9/2009 20:19:34;28/9/2009 20:19:34
736;"City";"Europe";"Amsterdam";"Noord-Holland";"the Netherlands";"00000000010C2B8716D9CE8B52C01C7C613255784540";1;28/9/2009 20:19:34;28/9/2009 20:19:34
737;"City";"Europe";"Athens";"Central Greece and Evvoia";"Greece";"00000000010C4703780B241C55C0FDF675E09C914140";1;28/9/2009 20:19:34;28/9/2009 20:19:34
738;"City";"Europe";"Baildon";"England";"United Kingdom";"E6100000010C6EA301BC0592FCBFDC68006F81EC4A40";1;28/9/2009 20:19:34;28/9/2009 20:19:34
739;"City";"Europe";"Baumholder";"Rhineland-Palatinate";"Germany";"E6100000010C7BDAE1AFC95A1D40CAC342AD69CE4840";1;28/9/2009 20:19:34;28/9/2009 20:19:34
740;"City";"Europe";"Berne";"Bern";"Switzerland";"00000000010C1B9E5E29CB3C55C0789CA223B9544440";1;28/9/2009 20:19:34;28/9/2009 20:19:34
741;"City";"Europe";"Bucharest";"Bucuresti";"Romania";"E6100000010C499D8026C2163A4048BF7D1D38374640";1;28/9/2009 20:19:34;28/9/2009 20:19:34
742;"City";"Europe";"Carlisle";"England";"United Kingdom";"00000000010C32772D211F7053C038F8C264AA204440";1;28/9/2009 20:19:34;28/9/2009 20:19:34
743;"City";"Europe";"Cheshire";"England";"United Kingdom";"00000000010CA779C7293A3A52C02B1895D409C84440";1;28/9/2009 20:19:34;28/9/2009 20:19:34
745;"City";"Europe";"Copenhagen";"Staden Kobenhavn";"Denmark";"E6100000010CFCA9F1D24D22294073D712F241D74B40";1;28/9/2009 20:19:34;28/9/2009 20:19:34
746;"City";"Europe";"Dublin";"Leinster";"Ireland";"00000000010C295C8FC2F50C57C0C6DCB5847C804340";1;28/9/2009 20:19:34;28/9/2009 20:19:34
747;"City";"Europe";"Dusseldorf";"North Rhine-Westphalia";"Germany";"E6100000010C745E6397A81E1B40A1D634EF389D4940";1;28/9/2009 20:19:34;28/9/2009 20:19:34
748;"City";"Europe";"Edinburgh";"Scotland";"United Kingdom";"00000000010C36CD3B4ED17D55C0068195438BAC4340";1;28/9/2009 20:19:34;28/9/2009 20:19:34
749;"City";"Europe";"Firenze";"Province of Florence";"Italy";"E6100000010CE25817B7D1802640F931E6AE25E44540";1;28/9/2009 20:19:34;28/9/2009 20:19:34
750;"City";"Europe";"Giebelstadt";"Bavaria";"Germany";"E6100000010C884677103BE32340C139234A7BD34840";1;28/9/2009 20:19:34;28/9/2009 20:19:34
751;"City";"Europe";"Glasgow";"Scotland";"United Kingdom";"00000000010C0DE02D90A0B056C0FBCBEEC9C3BA4340";1;28/9/2009 20:19:34;28/9/2009 20:19:34
752;"City";"Europe";"Hofheim am Taunus";"Hesse";"Germany";"E6100000010CBB61DBA2CCE620402575029A080B4940";1;28/9/2009 20:19:34;28/9/2009 20:19:34
753;"City";"Europe";"Knotty Ash";"England";"United Kingdom";"E6100000010C062FFA0AD20C07C0764F1E166AB54A40";1;28/9/2009 20:19:34;28/9/2009 20:19:34
754;"City";"Europe";"Koln";"North Rhine-Westphalia";"Germany";"E6100000010C13B875374FD51B40C6DCB5847C784940";1;28/9/2009 20:19:34;28/9/2009 20:19:34
755;"City";"Europe";"Lancashire";"England";"United Kingdom";"E6100000010C0A68226C787A06C05839B4C876064B40";1;28/9/2009 20:19:34;28/9/2009 20:19:34
756;"City";"Europe";"Landstuhl";"Rhineland-Palatinate";"Germany";"E6100000010CB77F65A549491E40772D211FF4B44840";1;28/9/2009 20:19:34;28/9/2009 20:19:34
757;"City";"Europe";"Lisbon";"Lisboa Region";"Portugal";"00000000010CED9E3C2CD42A54C06D567DAEB6524540";1;28/9/2009 20:19:34;28/9/2009 20:19:34
758;"City";"Europe";"Ljubljana";"Ljubljana";"Slovenia";"E6100000010CF931E6AE25042D4011363CBD52064740";1;28/9/2009 20:19:34;28/9/2009 20:19:34
759;"City";"Europe";"Lyon";"Rhone-Alpes";"France";"E6100000010C9E077767ED5613406E3480B740E24640";1;28/9/2009 20:19:34;28/9/2009 20:19:34
760;"City";"Europe";"Madrid";"Madrid";"Spain";"00000000010CC5FEB27BF27457C04694F6065FF04440";1;28/9/2009 20:19:34;28/9/2009 20:19:34
761;"City";"Europe";"Manchester";"England";"United Kingdom";"00000000010CC364AA60545652C0499D8026C2164540";1;28/9/2009 20:19:34;28/9/2009 20:19:34
762;"City";"Europe";"Marseille";"Provence-Alpes-Cote d'Azur";"France";"E6100000010C0E2DB29DEF871540CBA145B6F3A54540";1;28/9/2009 20:19:34;28/9/2009 20:19:34
763;"City";"Europe";"Milan";"Lombardia";"Italy";"00000000010CB30C71AC8B2B56C02497FF907ED34340";1;28/9/2009 20:19:34;28/9/2009 20:19:34
764;"City";"Europe";"Moscow";"Moskovskaya oblast";"Russia";"00000000010C62105839B4285BC0FCA9F1D24DD24540";1;28/9/2009 20:19:34;28/9/2009 20:19:34
765;"City";"Europe";"Munich";"Bavaria";"Germany";"00000000010C3D0AD7A370B558C0A089B0E1E9554840";1;28/9/2009 20:19:34;28/9/2009 20:19:34
766;"City";"Europe";"Nantes";"Pays de la Loire";"France";"E6100000010C6002B7EEE629F9BF07CE1951DA9B4740";1;28/9/2009 20:19:34;28/9/2009 20:19:34
767;"City";"Europe";"Nice";"Alpes-Maritimes";"France";"00000000010C6891ED7C3FB55EC0AC1C5A643B8F4340";1;28/9/2009 20:19:34;28/9/2009 20:19:34
768;"City";"Europe";"Nizhny Novgorod";"Nizhny Novgorod Oblast";"Russia";"E6100000010C1B0DE02D90004640A779C7293A2A4C40";1;28/9/2009 20:19:34;28/9/2009 20:19:34
769;"City";"Europe";"Bamberg";"Bavaria";"Germany";"E6100000010C9F3C2CD49AC62540DF4F8D976EF24840";1;28/9/2009 20:19:34;28/9/2009 20:19:34
770;"City";"Europe";"Ramstein";"Rhineland-Palatinate";"Germany";"E6100000010CEDD808C4EB3A1E40E10B93A982B94840";1;28/9/2009 20:19:34;28/9/2009 20:19:34
771;"City";"Europe";"Roma";"Roma";"Italy";"E6100000010CB22E6EA301FC28401973D712F2F14440";1;28/9/2009 20:19:34;28/9/2009 20:19:34
772;"City";"Europe";"Saint Petersburg";"Northwestern";"Russia";"00000000010C83C0CAA145AA54C05917B7D100CE3B40";1;28/9/2009 20:19:34;28/9/2009 20:19:34
773;"City";"Europe";"Stockholm";"Stockholms";"Sweden";"E6100000010C8A1F63EE5A123240FD87F4DBD7A94D40";1;28/9/2009 20:19:34;28/9/2009 20:19:34
774;"City";"Europe";"Stockport";"England";"United Kingdom";"E6100000010C001DE6CB0B3001C087A757CA32B44A40";1;28/9/2009 20:19:34;28/9/2009 20:19:34
775;"City";"Europe";"Strasbourg";"Bas-Rhin";"France";"E6100000010C33E197FA79F31E408A8EE4F21F4A4840";1;28/9/2009 20:19:34;28/9/2009 20:19:34
776;"City";"Europe";"Torino";"Province of Turin";"Italy";"E6100000010CC63368E89FC01E405305A3923A894640";1;28/9/2009 20:19:34;28/9/2009 20:19:34
777;"City";"Europe";"Toulouse";"Midi-Pyrenees";"France";"E6100000010C020EA14ACD1EF73F13F241CF66CD4540";1;28/9/2009 20:19:34;28/9/2009 20:19:34
778;"City";"Europe";"Valletta";"Valletta";"Malta";"E6100000010C17D9CEF753032D40F90FE9B7AFF34140";1;28/9/2009 20:19:34;28/9/2009 20:19:34
779;"City";"Europe";"Venezia";"Venice";"Italy";"E6100000010CCCEEC9C342AD2840C898BB9690B74640";1;28/9/2009 20:19:34;28/9/2009 20:19:34
780;"City";"Europe";"Warsaw";"Warszawa";"Poland";"00000000010C6FF085C9541555C0280F0BB5A6494440";1;28/9/2009 20:19:34;28/9/2009 20:19:34
781;"City";"Europe";"West Yorkshire";"England";"United Kingdom";"E6100000010CBE6A65C22FF5F8BF0F9C33A2B4E74A40";1;28/9/2009 20:19:34;28/9/2009 20:19:34
881;"City";"North America";"Montreal";"Quebec";"Canada";"E6100000010C787AA52C436852C0068195438BC44640";1;28/9/2009 20:19:34;28/9/2009 20:19:34
903;"City";"North America";"Ottawa";"Ontario";"Canada";"00000000010C68B3EA73B5BD56C0F775E09C112D4440";1;28/9/2009 20:19:34;28/9/2009 20:19:34
942;"City";"North America";"Toronto";"Ontario";"Canada";"E6100000010C0C93A98251D953C0F7065F984CD54540";1;28/9/2009 20:19:34;28/9/2009 20:19:34
423;"City";"Europe";"Basingstoke Hants";"England";"United Kingdom";"E6100000010CF4893C49BA66F1BFA7E8482EFFA14940";1;28/9/2009 20:13:34;28/9/2009 20:13:34
425;"City";"Asia";"Bendigo";"Victoria";"Australia";"E6100000010CB0726891ED086240637FD93D796042C0";1;28/9/2009 20:13:34;28/9/2009 20:13:34
426;"City";"Europe";"Berks";"England";"United Kingdom";"E6100000010C8FFCC1C073EFF0BF8CB96B09F9B84940";1;28/9/2009 20:13:34;28/9/2009 20:13:34
435;"City";"Europe";"Bobigny";"Seine Saint Denis";"France";"E6100000010C69006F8104850340C05B2041F1734840";1;28/9/2009 20:13:34;28/9/2009 20:13:34
437;"City";"Europe";"Bottrop";"North Rhine-Westphalia";"Germany";"E6100000010C54742497FFB01B4034A2B437F8C24940";1;28/9/2009 20:13:34;28/9/2009 20:13:34
439;"City";"Europe";"Bracknell";"England";"United Kingdom";"E6100000010CFE8172DBBEC7E7BF21B0726891B54940";1;28/9/2009 20:13:34;28/9/2009 20:13:34
446;"City";"North America";"Burnaby";"British Columbia";"Canada";"E6100000010C96438B6CE7BB5EC03D2CD49AE69D4840";1;28/9/2009 20:13:34;28/9/2009 20:13:34
447;"City";"Europe";"Bury";"England";"United Kingdom";"E6100000010CE50AEF72115F02C0075F984C15CC4A40";1;28/9/2009 20:13:34;28/9/2009 20:13:34
449;"City";"Europe";"Cambridge";"England";"United Kingdom";"00000000010C992A1895D41552C0B3EA73B515234540";1;28/9/2009 20:13:34;28/9/2009 20:13:34
454;"City";"Europe";"Cergy";"Val d'Oise";"France";"E6100000010C47551344DD4700409F3C2CD49A864840";1;28/9/2009 20:13:34;28/9/2009 20:13:34
456;"City";"North America";"Chalk River";"Ontario";"Canada";"E6100000010CA913D044D85C53C00AD7A3703D024740";1;28/9/2009 20:13:34;28/9/2009 20:13:34
459;"City";"Europe";"Chatou";"Yveline";"France";"E6100000010CD061BEBC003B0140EE5A423EE8714840";1;28/9/2009 20:13:34;28/9/2009 20:13:34
467;"City";"North America";"Cliffside";"British Columbia";"Canada";"00000000010C705F07CE197154C08FC2F5285C9F4140";1;28/9/2009 20:13:34;28/9/2009 20:13:34
468;"City";"Asia";"Coffs Harbour";"New South Wales";"Australia";"E6100000010C000000000024634097900F7A364B3EC0";1;28/9/2009 20:13:34;28/9/2009 20:13:34
471;"City";"Asia";"Cranbourne";"Victoria";"Australia";"E6100000010C7F6ABC7493286240E71DA7E8480E43C0";1;28/9/2009 20:13:34;28/9/2009 20:13:34
473;"City";"Asia";"Darlinghurst";"New South Wales";"Australia";"E6100000010CD7A3703D0AE762407F6ABC7493F040C0";1;28/9/2009 20:13:34;28/9/2009 20:13:34
474;"City";"Europe";"Darmstadt";"Hesse";"Germany";"E6100000010CAE47E17A144E214063EE5A423EF04840";1;28/9/2009 20:13:34;28/9/2009 20:13:34
476;"City";"Europe";"Drancy";"Seine Saint Denis";"France";"E6100000010C9352D0ED258D0340917EFB3A70764840";1;28/9/2009 20:13:34;28/9/2009 20:13:34
478;"City";"Asia";"East Brisbane";"Queensland";"Australia";"E6100000010C7D3F355EBA21634096438B6CE77B3BC0";1;28/9/2009 20:13:34;28/9/2009 20:13:34
480;"City";"Europe";"Eilenburg";"Saxony";"Germany";"E6100000010C5227A089B0412940DFE00B93A9BA4940";1;28/9/2009 20:13:34;28/9/2009 20:13:34
481;"City";"Europe";"Esher-Molesey";"England";"United Kingdom";"E6100000010C2AC76471FF91D5BF27C286A757B24940";1;28/9/2009 20:13:34;28/9/2009 20:13:34
482;"City";"Europe";"Essen";"North Rhine-Westphalia";"Germany";"E6100000010CFDA4DAA7E3111C405F29CB10C7BA4940";1;28/9/2009 20:13:34;28/9/2009 20:13:34
483;"City";"Europe";"Frankfurt";"Hesse";"Germany";"E6100000010CC5387F130A7121403A234A7B830F4940";1;28/9/2009 20:13:34;28/9/2009 20:13:34
485;"City";"Europe";"Gateshead";"England";"United Kingdom";"E6100000010C8C101E6D1CB1F9BF09F9A067B37A4B40";1;28/9/2009 20:13:34;28/9/2009 20:13:34
486;"City";"Europe";"Gloucestershire";"England";"United Kingdom";"E6100000010C72BF4351A0CF01C048E17A14AEDF4940";1;28/9/2009 20:13:34;28/9/2009 20:13:34
487;"City";"Asia";"Gold Coast";"Queensland";"Australia";"E6100000010CA4703D0AD72B6340C74B378941003CC0";1;28/9/2009 20:13:34;28/9/2009 20:13:34
490;"City";"North America";"Haney";"British Columbia";"Canada";"E6100000010C5839B4C876A65EC008AC1C5A649B4840";1;28/9/2009 20:13:34;28/9/2009 20:13:34
491;"City";"Europe";"Hanover";"Lower Saxony";"Germany";"E6100000010C7E1D3867447923409FCDAACFD52E4A40";1;28/9/2009 20:13:34;28/9/2009 20:13:34
492;"City";"Asia";"Hervey Bay";"Queensland";"Australia";"E6100000010C48E17A14AE1B6340E71DA7E8484E39C0";1;28/9/2009 20:13:34;28/9/2009 20:13:34
493;"City";"Asia";"Hobart";"Tasmania";"Australia";"00000000010CA835CD3B4E3D56C04BEA0434114E4440";1;28/9/2009 20:13:34;28/9/2009 20:13:34
496;"City";"Europe";"Kiel";"Schleswig-Holstein";"Germany";"00000000010CDBF97E6ABC0056C0D8F0F44A59F64540";1;28/9/2009 20:13:34;28/9/2009 20:13:34
497;"City";"Europe";"Kirkby";"England";"United Kingdom";"E6100000010C184339D1AEC2F2BF371AC05B20394B40";1;28/9/2009 20:13:34;28/9/2009 20:13:34
498;"City";"Europe";"Lancaster";"England";"United Kingdom";"00000000010C34A2B437F81E54C03B014D840DC74340";1;28/9/2009 20:13:34;28/9/2009 20:13:34
499;"City";"North America";"Langley";"British Columbia";"Canada";"E6100000010C14AE47E17AA45EC09A081B9E5E894840";1;28/9/2009 20:13:34;28/9/2009 20:13:34
501;"City";"Europe";"Leeds";"England";"United Kingdom";"00000000010C4703780B245855C04B598638D6054540";1;28/9/2009 20:13:34;28/9/2009 20:13:34
503;"City";"Europe";"Les Ulis";"Essonne";"France";"E6100000010C0AA2EE03905A014010E9B7AF03574840";1;28/9/2009 20:13:34;28/9/2009 20:13:34
504;"City";"Europe";"Lieusaint";"Seine et Marne";"France";"E6100000010C2A00C63368680440F085C954C1504840";1;28/9/2009 20:13:34;28/9/2009 20:13:34
506;"City";"Europe";"London";"England";"United Kingdom";"00000000010C97FF907EFBDE54C04BC8073D9BF54240";1;28/9/2009 20:13:34;28/9/2009 20:13:34
509;"City";"Asia";"Matraville";"New South Wales";"Australia";"E6100000010CEC51B81E85E76240DE02098A1FFB40C0";1;28/9/2009 20:13:34;28/9/2009 20:13:34
510;"City";"Asia";"Melton";"Victoria";"Australia";"E6100000010C6DE7FBA9F112624073D712F241D742C0";1;28/9/2009 20:13:34;28/9/2009 20:13:34
511;"City";"North America";"Metchosin";"British Columbia";"Canada";"E6100000010C6F1283C0CAE15EC0B8AF03E78C304840";1;28/9/2009 20:13:34;28/9/2009 20:13:34
512;"City";"Asia";"Milsons Point";"New South Wales";"Australia";"E6100000010CC3F5285C8FE662404FAF946588EB40C0";1;28/9/2009 20:13:34;28/9/2009 20:13:34
513;"City";"Europe";"Mhlheim am Main";"Hesse";"Germany";"E6100000010C26DF6C7363AA2140006F8104C50F4940";1;28/9/2009 20:13:34;28/9/2009 20:13:34
515;"City";"Europe";"Munster";"North Rhine-Westphalia";"Germany";"E6100000010C5ABBED42737D1E404F1E166A4DFB4940";1;28/9/2009 20:13:34;28/9/2009 20:13:34
517;"City";"Europe";"Neunkirchen";"North Rhine-Westphalia";"Germany";"E6100000010CB0726891EDBC1C403108AC1C5AAC4840";1;28/9/2009 20:13:34;28/9/2009 20:13:34
518;"City";"Asia";"Newcastle";"New South Wales";"Australia";"00000000010C23DBF97E6A8C5BC0EEEBC039238A4640";1;28/9/2009 20:13:34;28/9/2009 20:13:34
519;"City";"Asia";"North Ryde";"New South Wales";"Australia";"E6100000010CA4703D0AD7E36240F5B9DA8AFDE540C0";1;28/9/2009 20:13:34;28/9/2009 20:13:34
521;"City";"Europe";"Offenbach am Main";"Hesse";"Germany";"E6100000010C2E39EE940E662140EC51B81E85034940";1;28/9/2009 20:13:34;28/9/2009 20:13:34
524;"City";"Europe";"Orly";"Val de Marne";"France";"E6100000010C481630815B370340107A36AB3E5F4840";1;28/9/2009 20:13:34;28/9/2009 20:13:34
525;"City";"Europe";"Oxford";"England";"United Kingdom";"00000000010C7DD0B359F55D54C02063EE5A42FE4240";1;28/9/2009 20:13:34;28/9/2009 20:13:34
528;"City";"Europe";"Pantin";"Seine Saint Denis";"France";"E6100000010CE63FA4DFBE4E0340431CEBE236724840";1;28/9/2009 20:13:34;28/9/2009 20:13:34
529;"City";"Europe";"Paris";"Seine (Paris)";"France";"00000000010CBC0512143F6656C0273108AC1C724240";1;28/9/2009 20:13:34;28/9/2009 20:13:34
530;"City";"Europe";"Paris La Defense";"Hauts de Seine";"France";"E6100000010C271422E0106A0440BDE3141DC95D4840";1;28/9/2009 20:13:34;28/9/2009 20:13:34
531;"City";"Asia";"Perth";"South Australia";"Australia";"E6100000010C0C022B8716F95C405227A089B0F13FC0";1;28/9/2009 20:13:34;28/9/2009 20:13:34
532;"City";"Europe";"Peterborough";"England";"United Kingdom";"00000000010C705F07CE19FD51C09D11A5BDC16F4540";1;28/9/2009 20:13:34;28/9/2009 20:13:34
533;"City";"Europe";"Poing";"Bavaria";"Germany";"E6100000010CFBCBEEC9C3A2274076E09C11A5154840";1;28/9/2009 20:13:34;28/9/2009 20:13:34
534;"City";"Asia";"Port Macquarie";"New South Wales";"Australia";"E6100000010C931804560E1D6340006F8104C56F3FC0";1;28/9/2009 20:13:34;28/9/2009 20:13:34
539;"City";"Europe";"Roncq";"Nord";"France";"E6100000010CC442AD69DEF108402A3A92CB7F604940";1;28/9/2009 20:13:34;28/9/2009 20:13:34
540;"City";"Europe";"Roubaix";"Nord";"France";"E6100000010C7715527E526D094055302AA913584940";1;28/9/2009 20:13:34;28/9/2009 20:13:34
541;"City";"Europe";"Runcorn";"England";"United Kingdom";"E6100000010CA301BC0512D405C0A5BDC11726AB4A40";1;28/9/2009 20:13:34;28/9/2009 20:13:34
542;"City";"Europe";"Saarlouis";"Saar";"Germany";"E6100000010C1B81785DBF001B4071AC8BDB68A84840";1;28/9/2009 20:13:34;28/9/2009 20:13:34
543;"City";"Europe";"Saint Germain en Laye";"Yveline";"France";"E6100000010C2A52616C21C80040A5BDC11726734840";1;28/9/2009 20:13:34;28/9/2009 20:13:34
544;"City";"Europe";"Saint Ouen";"Somme";"France";"E6100000010C42CF66D5E7AA024040A4DFBE0E744840";1;28/9/2009 20:13:34;28/9/2009 20:13:34
545;"City";"Europe";"Saint-Denis";"Seine Saint Denis";"France";"E6100000010CCD1E680586EC0240AB3E575BB1774840";1;28/9/2009 20:13:34;28/9/2009 20:13:34
548;"City";"Europe";"Svres";"Hauts de Seine";"France";"E6100000010C08AC1C5A64BB0140C4B12E6EA3694840";1;28/9/2009 20:13:34;28/9/2009 20:13:34
549;"City";"Asia";"Silverwater";"New South Wales";"Australia";"E6100000010C4C37894160E162405F07CE1951EA40C0";1;28/9/2009 20:13:34;28/9/2009 20:13:34
550;"City";"North America";"Sooke";"British Columbia";"Canada";"E6100000010C4A0C022B87EE5EC02B1895D409304840";1;28/9/2009 20:13:34;28/9/2009 20:13:34
553;"City";"Asia";"Springwood";"New South Wales";"Australia";"E6100000010C60E5D022DBD162407D3F355EBAD940C0";1;28/9/2009 20:13:34;28/9/2009 20:13:34
554;"City";"Asia";"St. Leonards";"New South Wales";"Australia";"E6100000010C273108AC1CE6624061C3D32B65E940C0";1;28/9/2009 20:13:34;28/9/2009 20:13:34
555;"City";"Europe";"Stuttgart";"Baden-Wuerttemberg";"Germany";"00000000010CE5F21FD26FE356C07B14AE47E13A4140";1;28/9/2009 20:13:34;28/9/2009 20:13:34
556;"City";"Europe";"Sulzbach Taunus";"Saar";"Germany";"E6100000010C569A94826E0F2140613255302A114940";1;28/9/2009 20:13:34;28/9/2009 20:13:34
557;"City";"Europe";"Suresnes";"Hauts de Seine";"France";"E6100000010CDB6D179AEBB4014064CC5D4BC86F4840";1;28/9/2009 20:13:34;28/9/2009 20:13:34
558;"City";"Asia";"Sydney";"New South Wales";"Australia";"E6100000010CF4FDD478E9E662406666666666EE40C0";1;28/9/2009 20:13:34;28/9/2009 20:13:34
561;"City";"Asia";"Townsville";"Queensland";"Australia";"E6100000010C273108AC1C5A62406ABC7493184433C0";1;28/9/2009 20:13:34;28/9/2009 20:13:34
562;"City";"North America";"Vancouver";"British Columbia";"Canada";"00000000010CAC1C5A643BA75EC018265305A3D24640";1;28/9/2009 20:13:34;28/9/2009 20:13:34
563;"City";"Europe";"Verrieres Le Buisson";"Essonne";"France";"E6100000010CD40E7F4DD62802401DC9E53FA45F4840";1;28/9/2009 20:13:34;28/9/2009 20:13:34
564;"City";"Europe";"Versailles";"Yveline";"France";"00000000010C54742497FF4855C004560E2DB23D4340";1;28/9/2009 20:13:34;28/9/2009 20:13:34
565;"City";"Europe";"W. York";"England";"United Kingdom";"E6100000010C62F888981249F1BFEE7C3F355EFA4A40";1;28/9/2009 20:13:34;28/9/2009 20:13:34
567;"City";"Europe";"Warrington";"England";"United Kingdom";"00000000010CFE43FAEDEBC852C0E6AE25E4831E4440";1;28/9/2009 20:13:34;28/9/2009 20:13:34
568;"City";"Asia";"Warrnambool";"Victoria";"Australia";"E6100000010C736891ED7CCF61408FE4F21FD22F43C0";1;28/9/2009 20:13:34;28/9/2009 20:13:34
569;"City";"Europe";"Werne";"North Rhine-Westphalia";"Germany";"E6100000010CF19D98F562881E40A245B6F3FDD44940";1;28/9/2009 20:13:34;28/9/2009 20:13:34
571;"City";"North America";"Westminster";"British Columbia";"Canada";"00000000010CC9E53FA4DFCA58C06A4DF38E53544340";1;28/9/2009 20:13:34;28/9/2009 20:13:34
572;"City";"Europe";"Wokingham";"England";"United Kingdom";"E6100000010CB8205B96AFCBEABFEA95B20C71B44940";1;28/9/2009 20:13:34;28/9/2009 20:13:34
574;"City";"Europe";"Woolston";"England";"United Kingdom";"E6100000010CA94D9CDCEF5004C0F90FE9B7AFB34A40";1;28/9/2009 20:13:34;28/9/2009 20:13:34
576;"City";"Europe";"York";"England";"United Kingdom";"00000000010C780B24287E6053C034A2B437F8E24340";1;28/9/2009 20:13:34;28/9/2009 20:13:34
585;"City";"Europe";"Berkshire";"England";"United Kingdom";"E6100000010CE3A9471ADCD6EEBF7B14AE47E1BA4940";1;28/9/2009 20:13:34;28/9/2009 20:13:34
586;"City";"Europe";"Berlin";"Berlin";"Germany";"00000000010C8195438B6C2353C06C787AA52CCB4440";1;28/9/2009 20:13:34;28/9/2009 20:13:34
587;"City";"Europe";"Billericay";"England";"United Kingdom";"E6100000010CF5F23B4D66BCDA3FD3BCE3141DD14940";1;28/9/2009 20:13:34;28/9/2009 20:13:34
588;"City";"Europe";"Birmingham";"England";"United Kingdom";"00000000010C7AA52C431CA755C099BB96900FF24040";1;28/9/2009 20:13:34;28/9/2009 20:13:34
590;"City";"Europe";"Bonn";"North Rhine-Westphalia";"Germany";"E6100000010C397F130A11701C40F46C567DAE5E4940";1;28/9/2009 20:13:34;28/9/2009 20:13:34
591;"City";"Europe";"Boulogne-Billancourt";"Hauts de Seine";"France";"E6100000010C11DF89592F06024024287E8CB96B4840";1;28/9/2009 20:13:34;28/9/2009 20:13:34
592;"City";"Europe";"Boulogne-sur-Mer";"Pas de Calais";"France";"E6100000010C0D897B2C7DE8F93F226C787AA55C4940";1;28/9/2009 20:13:34;28/9/2009 20:13:34
595;"City";"Europe";"Brunswick";"Lower Saxony";"Germany";"E6100000010CEA95B20C710C25407C61325530224A40";1;28/9/2009 20:13:34;28/9/2009 20:13:34
596;"City";"Asia";"Brisbane";"Queensland";"Australia";"00000000010C9A99999999995EC00F0BB5A679D74240";1;28/9/2009 20:13:34;28/9/2009 20:13:34
598;"City";"North America";"Calgary";"Alberta";"Canada";"E6100000010C96438B6CE7835CC0D734EF3845874940";1;28/9/2009 20:13:34;28/9/2009 20:13:34
599;"City";"Asia";"Caloundra";"Queensland";"Australia";"E6100000010CE3A59BC4202463405C8FC2F528CC3AC0";1;28/9/2009 20:13:34;28/9/2009 20:13:34
608;"City";"Europe";"Cheltenham";"England";"United Kingdom";"00000000010CBB270F0BB5C652C00F9C33A2B4074440";1;28/9/2009 20:13:34;28/9/2009 20:13:34
613;"City";"Asia";"Cloverdale";"South Australia";"Australia";"00000000010C5AF5B9DA8AF953C0E3361AC05BB04240";1;28/9/2009 20:13:34;28/9/2009 20:13:34
615;"City";"Europe";"Colombes";"Hauts de Seine";"France";"E6100000010C6C787AA52C03024010E9B7AF03774840";1;28/9/2009 20:13:34;28/9/2009 20:13:34
616;"City";"Europe";"Colomiers";"Garonne (Haute)";"France";"E6100000010C90BDDEFDF15EF53F6666666666CE4540";1;28/9/2009 20:13:34;28/9/2009 20:13:34
621;"City";"Europe";"Courbevoie";"Hauts de Seine";"France";"E6100000010CA9D903ADC01002404F1E166A4D734840";1;28/9/2009 20:13:34;28/9/2009 20:13:34
622;"City";"Europe";"Croix";"Nord";"France";"E6100000010CDEE522BE13330940F46C567DAE564940";1;28/9/2009 20:13:34;28/9/2009 20:13:34
623;"City";"Europe";"Dresden";"Saxony";"Germany";"00000000010CE3A59BC4202C56C04F1E166A4D234240";1;28/9/2009 20:13:34;28/9/2009 20:13:34
624;"City";"Europe";"Dunkerque";"Nord";"France";"E6100000010CAF08FEB7921D034014AE47E17A844940";1;28/9/2009 20:13:34;28/9/2009 20:13:34
626;"City";"Europe";"Erlangen";"Bavaria";"Germany";"E6100000010C6C787AA52C0326404D840D4FAFCC4840";1;28/9/2009 20:13:34;28/9/2009 20:13:34
628;"City";"Asia";"Findon";"South Australia";"Australia";"E6100000010C3108AC1C5A50614098DD9387857241C0";1;28/9/2009 20:13:34;28/9/2009 20:13:34
629;"City";"Europe";"Frankfurt";"Bavaria";"Germany";"E6100000010C20D26F5F070E25402CD49AE61DD74840";1;28/9/2009 20:13:34;28/9/2009 20:13:34
632;"City";"Asia";"Geelong";"Victoria";"Australia";"E6100000010C6DE7FBA9F10A62404CA60A46251543C0";1;28/9/2009 20:13:34;28/9/2009 20:13:34
634;"City";"Asia";"Goulburn";"New South Wales";"Australia";"E6100000010C1F85EB51B8B662400EBE30992A6041C0";1;28/9/2009 20:13:34;28/9/2009 20:13:34
635;"City";"Europe";"Grevenbroich";"North Rhine-Westphalia";"Germany";"E6100000010C2905DD5ED2581A403255302AA98B4940";1;28/9/2009 20:13:34;28/9/2009 20:13:34
637;"City";"Asia";"Hawthorne";"Queensland";"Australia";"00000000010CCDCCCCCCCC9856C03480B74082424340";1;28/9/2009 20:13:34;28/9/2009 20:13:34
638;"City";"Europe";"High Wycombe";"England";"United Kingdom";"E6100000010CB900344A97FEE7BF55302AA913D04940";1;28/9/2009 20:13:34;28/9/2009 20:13:34
639;"City";"Europe";"Hof";"Bavaria";"Germany";"E6100000010CFFB27BF2B0D027402A3A92CB7F284940";1;28/9/2009 20:13:34;28/9/2009 20:13:34
640;"City";"Europe";"Ingolstadt";"Bavaria";"Germany";"E6100000010CBE30992A18D5264060764F1E16624840";1;28/9/2009 20:13:34;28/9/2009 20:13:34
641;"City";"Europe";"Kassel";"Hesse";"Germany";"E6100000010C70253B3602012340B9FC87F4DBA74940";1;28/9/2009 20:13:34;28/9/2009 20:13:34
646;"City";"Asia";"Lane Cove";"New South Wales";"Australia";"E6100000010C2FDD240681E5624055C1A8A44EE840C0";1;28/9/2009 20:13:34;28/9/2009 20:13:34
647;"City";"North America";"Langford";"British Columbia";"Canada";"E6100000010CAAF1D24D62E05EC0FD87F4DBD7394840";1;28/9/2009 20:13:34;28/9/2009 20:13:34
648;"City";"Asia";"Lavender Bay";"New South Wales";"Australia";"E6100000010C2DB29DEFA7E66240CE1951DA1BEC40C0";1;28/9/2009 20:13:34;28/9/2009 20:13:34
649;"City";"Europe";"Leipzig";"Saxony";"Germany";"E6100000010CB1506B9A77BC284033C4B12E6EAB4940";1;28/9/2009 20:13:34;28/9/2009 20:13:34
650;"City";"Europe";"Lille";"Nord";"France";"E6100000010C7AAA436E865B0840FD87F4DBD7514940";1;28/9/2009 20:13:34;28/9/2009 20:13:34
651;"City";"Europe";"Liverpool";"England";"United Kingdom";"00000000010C8CDB68006F0D53C0E5F21FD26F874540";1;28/9/2009 20:13:34;28/9/2009 20:13:34
654;"City";"Europe";"Maidenhead";"England";"United Kingdom";"E6100000010CAF09698D4127E7BF7AA52C431CC34940";1;28/9/2009 20:13:34;28/9/2009 20:13:34
655;"City";"Asia";"Malabar";"New South Wales";"Australia";"00000000010C5D6DC5FEB22354C05D6DC5FEB2FB3B40";1;28/9/2009 20:13:34;28/9/2009 20:13:34
656;"City";"Asia";"Melbourne";"Victoria";"Australia";"00000000010CBD5296218E2954C03EE8D9ACFA1C3C40";1;28/9/2009 20:13:34;28/9/2009 20:13:34
657;"City";"Europe";"Metz";"Moselle";"France";"E6100000010C82E7DEC325A71840F46C567DAE8E4840";1;28/9/2009 20:13:34;28/9/2009 20:13:34
659;"City";"Europe";"Milton Keynes";"England";"United Kingdom";"E6100000010CE6CE4C309C6BE6BFBF0E9C33A2044A40";1;28/9/2009 20:13:34;28/9/2009 20:13:34
661;"City";"Europe";"Morangis";"Essonne";"France";"E6100000010C8369183E22A60240431CEBE2365A4840";1;28/9/2009 20:13:34;28/9/2009 20:13:34
662;"City";"Europe";"Hamburg";"Hamburg";"Germany";"E6100000010CB0389CF9D5FC23409E5E29CB10C74A40";1;28/9/2009 20:13:34;28/9/2009 20:13:34
664;"City";"Europe";"Mnchengladbach";"North Rhine-Westphalia";"Germany";"E6100000010CD3D9C9E028B9194039D6C56D34984940";1;28/9/2009 20:13:34;28/9/2009 20:13:34
665;"City";"North America";"N. Vancouver";"British Columbia";"Canada";"E6100000010CCDCCCCCCCCC45EC038F8C264AAA84840";1;28/9/2009 20:13:34;28/9/2009 20:13:34
666;"City";"Europe";"Newcastle upon Tyne";"England";"United Kingdom";"E6100000010C950ED6FF39CCF9BF6891ED7C3F7D4B40";1;28/9/2009 20:13:34;28/9/2009 20:13:34
668;"City";"North America";"Newton";"British Columbia";"Canada";"00000000010C1904560E2D2A53C054742497FF904440";1;28/9/2009 20:13:34;28/9/2009 20:13:34
669;"City";"Asia";"North Sydney";"New South Wales";"Australia";"E6100000010CC3F5285C8FE662405DDC460378EB40C0";1;28/9/2009 20:13:34;28/9/2009 20:13:34
671;"City";"North America";"Oak Bay";"British Columbia";"Canada";"E6100000010C8716D9CEF7D35EC0F241CF66D5374840";1;28/9/2009 20:13:34;28/9/2009 20:13:34
672;"City";"Europe";"Orleans";"Loiret";"France";"00000000010C8A8EE4F21F6A52C0DE718A8EE48A4440";1;28/9/2009 20:13:34;28/9/2009 20:13:34
673;"City";"Europe";"Oxon";"England";"United Kingdom";"E6100000010CA4AA09A2EE03F4BF645DDC4603E04940";1;28/9/2009 20:13:34;28/9/2009 20:13:34
674;"City";"Europe";"Paderborn";"North Rhine-Westphalia";"Germany";"E6100000010C8C84B69C4B81214040A4DFBE0EDC4940";1;28/9/2009 20:13:34;28/9/2009 20:13:34
675;"City";"North America";"Port Hammond";"British Columbia";"Canada";"E6100000010C3BDF4F8D97B65EC0E561A1D6349F4840";1;28/9/2009 20:13:34;28/9/2009 20:13:34
676;"City";"Europe";"Reading";"England";"United Kingdom";"00000000010CF54A598638F652C0EBE2361AC03B4440";1;28/9/2009 20:13:34;28/9/2009 20:13:34
679;"City";"Asia";"Rhodes";"New South Wales";"Australia";"E6100000010C894160E5D0E26240ED0DBE3099EA40C0";1;28/9/2009 20:13:34;28/9/2009 20:13:34
680;"City";"Asia";"Rockhampton";"Queensland";"Australia";"E6100000010C54E3A59BC4D06240713D0AD7A36037C0";1;28/9/2009 20:13:34;28/9/2009 20:13:34
681;"City";"Europe";"Roissy en Brie";"Seine et Marne";"France";"E6100000010C888043A8523305403D0AD7A370654840";1;28/9/2009 20:13:34;28/9/2009 20:13:34
682;"City";"North America";"Royal Oak";"British Columbia";"Canada";"00000000010CC442AD69DEC954C0E4839ECDAA3F4540";1;28/9/2009 20:13:34;28/9/2009 20:13:34
683;"City";"Europe";"Saarbrcken";"Saar";"Germany";"E6100000010CB936548CF3F71B405917B7D1009E4840";1;28/9/2009 20:13:34;28/9/2009 20:13:34
684;"City";"Europe";"Saint Ouen";"Charente-Maritime";"France";"E6100000010CE7525C55F69D0240091B9E5E29734840";1;28/9/2009 20:13:34;28/9/2009 20:13:34
685;"City";"Europe";"Saint Ouen";"Loir et Cher";"France";"E6100000010CE2CCAFE60041F13FC898BB9690E74740";1;28/9/2009 20:13:34;28/9/2009 20:13:34
687;"City";"Europe";"Salzgitter";"Lower Saxony";"Germany";"E6100000010C5EBA490C02AB2440ECC039234A134A40";1;28/9/2009 20:13:34;28/9/2009 20:13:34
692;"City";"Asia";"Seaford";"Victoria";"Australia";"00000000010CC217265305E752C0C58F31772D514340";1;28/9/2009 20:13:34;28/9/2009 20:13:34
695;"City";"North America";"Shawnee";"British Columbia";"Canada";"00000000010C62105839B4D057C0764F1E166A954240";1;28/9/2009 20:13:34;28/9/2009 20:13:34
696;"City";"Europe";"Solingen";"North Rhine-Westphalia";"Germany";"E6100000010CB4B0A71DFE5A1C40598638D6C5954940";1;28/9/2009 20:13:34;28/9/2009 20:13:34
697;"City";"Asia";"South Melbourne";"Victoria";"Australia";"E6100000010CAC1C5A643B1F6240C442AD69DEE942C0";1;28/9/2009 20:13:34;28/9/2009 20:13:34
698;"City";"Europe";"Stoke-on-Trent";"England";"United Kingdom";"E6100000010CFB743C66A07201C0A54E401361834A40";1;28/9/2009 20:13:34;28/9/2009 20:13:34
699;"City";"Asia";"Sunbury";"Victoria";"Australia";"00000000010CAAF1D24D628053C0C9E53FA4DF5E4440";1;28/9/2009 20:13:34;28/9/2009 20:13:34
700;"City";"Europe";"Tremblay-en-France";"Seine Saint Denis";"France";"E6100000010CF8C264AA6094044060E5D022DB794840";1;28/9/2009 20:13:34;28/9/2009 20:13:34
701;"City";"North America";"Victoria";"British Columbia";"Canada";"00000000010CED0DBE30993258C002BC051214CF3D40";1;28/9/2009 20:13:34;28/9/2009 20:13:34
702;"City";"Europe";"Villeneuve-d'Ascq";"Nord";"France";"E6100000010C7F87A2409F0809404850FC18734F4940";1;28/9/2009 20:13:34;28/9/2009 20:13:34
704;"City";"Europe";"Watford";"England";"United Kingdom";"E6100000010CA4FCA4DAA7E3D9BF158C4AEA04D44940";1;28/9/2009 20:13:34;28/9/2009 20:13:34
705;"City";"Europe";"West Sussex";"England";"United Kingdom";"E6100000010C38F581E49D43DDBFF54A598638764940";1;28/9/2009 20:13:34;28/9/2009 20:13:34
706;"City";"Asia";"Wollongong";"New South Wales";"Australia";"E6100000010CF853E3A59BDC6240F46C567DAE3641C0";1;28/9/2009 20:13:34;28/9/2009 20:13:34
1;"Continent";"Asia";"";"";"";"00000000D80100000300000000D90100000300000000DA0100000300000000DB0100000300000000DC0100000300000000DD0100000300000000DE0100000300000000DF0100000300000000E00100000300000000E101000003";1;28/9/2009 19:34:45;28/9/2009 19:34:45
2;"Continent";"Europe";"";"";"";"000003000000002401000003000000002501000003000000002601000003000000002701000003";1;28/9/2009 19:34:45;28/9/2009 19:34:45
3;"Continent";"North America";"";"";"";"000003000000007102000003000000007202000003000000007302000003000000007402000003000000007502000003000000007602000003";1;28/9/2009 19:34:45;28/9/2009 19:34:45
269;"Country/Region";"Asia";"";"";"Armenia";"00020000000001000000FFFFFFFF0000000003";1;28/9/2009 19:51:53;28/9/2009 19:51:53
270;"Country/Region";"Asia";"";"";"Australia";"03000000000A00000003000000000B00000003000000000C00000003000000000D00000003000000000E00000003000000000F00000003";1;28/9/2009 19:51:53;28/9/2009 19:51:53
271;"Country/Region";"Asia";"";"";"Bhutan";"C99856402613A9570DE73A406969695B2DAD5640240528144DC53A408F28340B12055740A5CFC8469DDE3A4001000000020000000001000000FFFFFFFF0000000003";1;28/9/2009 19:51:53;28/9/2009 19:51:53
272;"Country/Region";"Asia";"";"";"China";"000003";1;28/9/2009 19:51:53;28/9/2009 19:51:53
273;"Country/Region";"Asia";"";"";"India";"1C01000002210100000226010000022A010000023001000008000000FFFFFFFF0000000006000000000000000003000000000100000003000000000200000003000000000300000003000000000400000003000000000500000003000000000600000003";1;28/9/2009 19:51:53;28/9/2009 19:51:53
274;"Country/Region";"Asia";"";"";"Iran";"00000006000000000000000003000000000100000003";1;28/9/2009 19:51:53;28/9/2009 19:51:53
275;"Country/Region";"Asia";"";"";"Japan";"000003000000000500000003000000000600000003000000000700000003000000000800000003000000000900000003000000000A00000003000000000B00000003000000000C00000003000000000D00000003000000000E00000003000000000F00000003000000001000000003000000001100000003";1;28/9/2009 19:51:53;28/9/2009 19:51:53
276;"Country/Region";"Asia";"";"";"Kyrgyzstan";"407AB15D6D2FB6524080F1EA458440444001000000020000000001000000FFFFFFFF0000000003";1;28/9/2009 19:51:53;28/9/2009 19:51:53
277;"Country/Region";"Asia";"";"";"Pakistan";"EDCA44FA3F4140C0E6B03AD81C5340D200B4896E62414082BC2170903753405190936D5E5441408216A286D0425340545215DE9E8C4140E6A57BEABC745340F8ECBE44F3BF414001000000020000000001000000FFFFFFFF0000000003";1;28/9/2009 19:51:53;28/9/2009 19:51:53
280;"Country/Region";"Asia";"";"";"Syria";"0FF3AFF84140A97F676949D240409D3B9810740742406847575B41CB40403AACBEAC87D54140E5C8B5FB709B404001000000020000000001000000FFFFFFFF0000000003";1;28/9/2009 19:51:53;28/9/2009 19:51:53
281;"Country/Region";"Asia";"";"";"Taiwan";"655E400C111C17CA463940D20062811A405E4087DE798A79003940FF3B2C1080075E4032ED1ECE4EA237403E1ABC0748035E40285B9AA90D1037406F9EC828CE135E40A03936A1DC8B36406F9EC828CE135E40602E669E748A364001000000020000000001000000FFFFFFFF0000000003";1;28/9/2009 19:51:53;28/9/2009 19:51:53
282;"Country/Region";"Asia";"";"";"Thailand";"F42746AF4F4E284027956426A5925940EF5743FB4EF4274078DBF8376F9B5940EFB1C3118FFF27400300000002000000000269000000026D00000004000000FFFFFFFF0000000006000000000000000003000000000100000003000000000200000003";1;28/9/2009 19:51:53;28/9/2009 19:51:53
283;"Country/Region";"Asia";"";"";"Turkmenistan";"40C71C154999A34E40785DDF6003CE414001000000020000000001000000FFFFFFFF0000000003";1;28/9/2009 19:51:53;28/9/2009 19:51:53
284;"Country/Region";"Europe";"";"";"Denmark";"000003000000000700000003000000000800000003000000000900000003000000000A00000003000000000B00000003000000000C00000003000000000D00000003";1;28/9/2009 19:51:53;28/9/2009 19:51:53
285;"Country/Region";"Europe";"";"";"France";"400000008051DD444000000080D3D4214000000080B1D7444000000000239421400000006085C7444000000000856F224000000020E9AE4440020000000200000000026F00000003000000FFFFFFFF0000000006000000000000000003000000000100000003";1;28/9/2009 19:51:53;28/9/2009 19:51:53
286;"Country/Region";"Europe";"";"";"Germany";"40000000107FA347400400000002000000000204000000020E000000021500000005000000FFFFFFFF0000000006000000000000000003000000000100000003000000000200000003000000000300000003";1;28/9/2009 19:51:53;28/9/2009 19:51:53
287;"Country/Region";"Europe";"";"";"Greece";"1100000003000000001200000003";1;28/9/2009 19:51:53;28/9/2009 19:51:53
288;"Country/Region";"Europe";"";"";"the Netherlands";"0000000200000003000000000300000003000000000400000003";1;28/9/2009 19:51:53;28/9/2009 19:51:53
289;"Country/Region";"Europe";"";"";"Ireland";"0003000000FFFFFFFF0000000006000000000000000003000000000100000003";1;28/9/2009 19:51:53;28/9/2009 19:51:53
290;"Country/Region";"Europe";"";"";"Italy";"00000253000000025F000000027200000005000000FFFFFFFF0000000006000000000000000003000000000100000003000000000200000003000000000300000003";1;28/9/2009 19:51:53;28/9/2009 19:51:53
292;"Country/Region";"Europe";"";"";"Poland";"FFFFFF0000000003";1;28/9/2009 19:51:53;28/9/2009 19:51:53
293;"Country/Region";"Europe";"";"";"Portugal";"FB125BC25E623BC052FA1B889E614340B718C94316233BC051735B66BE504340050000000200000000022100000002250000000229000000022D00000006000000FFFFFFFF0000000006000000000000000003000000000100000003000000000200000003000000000300000003000000000400000003";1;28/9/2009 19:51:53;28/9/2009 19:51:53
294;"Country/Region";"Europe";"";"";"Romania";"B2D3EF547636409FC37A3AC83A46402B5BF819660B3740DC3909D88F09464028F3F6BF65DE36409A4DF89C07EC45403F8D82A6A8513840B9B5FF760BD9454001000000020000000001000000FFFFFFFF0000000003";1;28/9/2009 19:51:53;28/9/2009 19:51:53
295;"Country/Region";"Europe";"";"";"Russia";"006B00000003000000006C00000003000000006D00000003000000006E00000003000000006F00000003000000007000000003";1;28/9/2009 19:51:53;28/9/2009 19:51:53
296;"Country/Region";"Europe";"";"";"Slovenia";"B6552B40AD9E41F129164740A4B037F215F62A408CFB78C8C5014740B2B83EB417D72B4069776F6741D146402B781BE4066F2B400850975D55CC464001000000020000000001000000FFFFFFFF0000000003";1;28/9/2009 19:51:53;28/9/2009 19:51:53
297;"Country/Region";"Europe";"";"";"Spain";"0006000000000000000003000000000100000003000000000200000003000000000300000003000000000400000003000000000500000003000000000600000003000000000700000003000000000800000003000000000900000003000000000A00000003";1;28/9/2009 19:51:53;28/9/2009 19:51:53
298;"Country/Region";"Europe";"";"";"Sweden";"400000000024F629400000002073B34B4000000000B9632C400000002057B14B4005000000020000000002040000000208000000020F000000021300000006000000FFFFFFFF0000000006000000000000000003000000000100000003000000000200000003000000000300000003000000000400000003";1;28/9/2009 19:51:53;28/9/2009 19:51:53
299;"Country/Region";"Europe";"";"";"Switzerland";"00000003";1;28/9/2009 19:51:53;28/9/2009 19:51:53
301;"Country/Region";"North America";"";"";"Canada";"00A90000000300000000AA0000000300000000AB0000000300000000AC0000000300000000AD0000000300000000AE0000000300000000AF0000000300000000B00000000300000000B100000003";1;28/9/2009 19:51:53;28/9/2009 19:51:53
278;"Country/Region";"Asia";"";"";"Singapore";"";1;28/9/2009 19:51:53;28/9/2009 19:51:53
279;"Country/Region";"Asia";"";"";"South Korea";"";1;28/9/2009 19:51:53;28/9/2009 19:51:53
291;"Country/Region";"Europe";"";"";"Malta";"";1;28/9/2009 19:51:53;28/9/2009 19:51:53
300;"Country/Region";"Europe";"";"";"United Kingdom";"";1;28/9/2009 19:51:53;28/9/2009 19:51:53
384;"State/Province";"Asia";"";"Tasmania";"Australia";"";1;28/9/2009 20:12:20;28/9/2009 20:12:20
385;"State/Province";"Europe";"";"Hessen";"Germany";"";1;28/9/2009 20:12:20;28/9/2009 20:12:20
387;"State/Province";"Europe";"";"Essonne";"France";"";1;28/9/2009 20:12:20;28/9/2009 20:12:20
388;"State/Province";"Europe";"";"Hamburg";"Germany";"";1;28/9/2009 20:12:20;28/9/2009 20:12:20
389;"State/Province";"Europe";"";"Hauts de Seine";"France";"";1;28/9/2009 20:12:20;28/9/2009 20:12:20
391;"State/Province";"Europe";"";"Seine Saint Denis";"France";"";1;28/9/2009 20:12:20;28/9/2009 20:12:20
393;"State/Province";"Europe";"";"Garonne (Haute)";"France";"";1;28/9/2009 20:12:20;28/9/2009 20:12:20
395;"State/Province";"Europe";"";"Pas de Calais";"France";"";1;28/9/2009 20:12:20;28/9/2009 20:12:20
398;"State/Province";"Europe";"";"Yveline";"France";"";1;28/9/2009 20:12:20;28/9/2009 20:12:20
399;"State/Province";"Europe";"";"Loiret";"France";"";1;28/9/2009 20:12:20;28/9/2009 20:12:20
400;"State/Province";"Europe";"";"Nord";"France";"";1;28/9/2009 20:12:20;28/9/2009 20:12:20
402;"State/Province";"Europe";"";"Seine (Paris)";"France";"";1;28/9/2009 20:12:20;28/9/2009 20:12:20
403;"State/Province";"Europe";"";"Val de Marne";"France";"";1;28/9/2009 20:12:20;28/9/2009 20:12:20
404;"State/Province";"Europe";"";"Brandenburg";"Germany";"";1;28/9/2009 20:12:20;28/9/2009 20:12:20
405;"State/Province";"Europe";"";"Val d'Oise";"France";"";1;28/9/2009 20:12:20;28/9/2009 20:12:20
407;"State/Province";"Asia";"";"Queensland";"Australia";"";1;28/9/2009 20:12:20;28/9/2009 20:12:20
410;"State/Province";"Europe";"";"Seine et Marne";"France";"";1;28/9/2009 20:12:20;28/9/2009 20:12:20
412;"State/Province";"Asia";"";"South Australia";"Australia";"";1;28/9/2009 20:12:20;28/9/2009 20:12:20
413;"State/Province";"Europe";"";"Somme";"France";"";1;28/9/2009 20:12:20;28/9/2009 20:12:20
414;"State/Province";"Europe";"";"Loir et Cher";"France";"";1;28/9/2009 20:12:20;28/9/2009 20:12:20
416;"State/Province";"Europe";"";"Charente-Maritime";"France";"";1;28/9/2009 20:12:20;28/9/2009 20:12:20
418;"State/Province";"Europe";"";"Moselle";"France";"";1;28/9/2009 20:12:20;28/9/2009 20:12:20
419;"State/Province";"Europe";"";"Saarland";"Germany";"";1;28/9/2009 20:12:20;28/9/2009 20:12:20
420;"State/Province";"Asia";"";"Victoria";"Australia";"";1;28/9/2009 20:12:20;28/9/2009 20:12:20
303;"State/Province";"Asia";"";"Ahal Province";"Turkmenistan";"";1;28/9/2009 19:53:25;28/9/2009 19:53:25
304;"State/Province";"Asia";"";"Armenia";"Armenia";"";1;28/9/2009 19:53:25;28/9/2009 19:53:25
305;"State/Province";"Asia";"";"Beijing";"China";"";1;28/9/2009 19:53:25;28/9/2009 19:53:25
306;"State/Province";"Asia";"";"Chubu";"Japan";"";1;28/9/2009 19:53:25;28/9/2009 19:53:25
307;"State/Province";"Asia";"";"Chuy Province";"Kyrgyzstan";"";1;28/9/2009 19:53:25;28/9/2009 19:53:25
308;"State/Province";"Asia";"";"Damascus";"Syria";"";1;28/9/2009 19:53:25;28/9/2009 19:53:25
309;"State/Province";"Asia";"";"GuangDong";"China";"";1;28/9/2009 19:53:25;28/9/2009 19:53:25
310;"State/Province";"Asia";"";"Hokkaido";"Japan";"";1;28/9/2009 19:53:25;28/9/2009 19:53:25
311;"State/Province";"Asia";"";"Hong Kong";"China";"";1;28/9/2009 19:53:25;28/9/2009 19:53:25
312;"State/Province";"Asia";"";"Islamabad Capital Territory";"Pakistan";"";1;28/9/2009 19:53:25;28/9/2009 19:53:25
313;"State/Province";"Asia";"";"Kansai";"Japan";"";1;28/9/2009 19:53:25;28/9/2009 19:53:25
314;"State/Province";"Asia";"";"Kanto";"Japan";"";1;28/9/2009 19:53:25;28/9/2009 19:53:25
315;"State/Province";"Asia";"";"Krung Thep";"Thailand";"";1;28/9/2009 19:53:25;28/9/2009 19:53:25
316;"State/Province";"Asia";"";"Maharashtra";"India";"";1;28/9/2009 19:53:25;28/9/2009 19:53:25
317;"State/Province";"Asia";"";"Molonglo";"Australia";"";1;28/9/2009 19:53:25;28/9/2009 19:53:25
318;"State/Province";"Asia";"";"National Capital Territory of Delhi";"India";"";1;28/9/2009 19:53:25;28/9/2009 19:53:25
319;"State/Province";"Asia";"";"New South Wales";"Australia";"";1;28/9/2009 19:53:25;28/9/2009 19:53:25
320;"State/Province";"Asia";"";"Seoul-jikhalsi";"South Korea";"";1;28/9/2009 19:53:25;28/9/2009 19:53:25
321;"State/Province";"Asia";"";"Shanghai";"China";"";1;28/9/2009 19:53:25;28/9/2009 19:53:25
322;"State/Province";"Asia";"";"Singapore";"Singapore";"";1;28/9/2009 19:53:25;28/9/2009 19:53:25
323;"State/Province";"Asia";"";"Taiwan";"Taiwan";"";1;28/9/2009 19:53:25;28/9/2009 19:53:25
324;"State/Province";"Asia";"";"Tehran";"Iran";"";1;28/9/2009 19:53:25;28/9/2009 19:53:25
325;"State/Province";"Asia";"";"Thimphu District";"Bhutan";"";1;28/9/2009 19:53:25;28/9/2009 19:53:25
326;"State/Province";"Asia";"";"Tohoku";"Japan";"";1;28/9/2009 19:53:25;28/9/2009 19:53:25
327;"State/Province";"Asia";"";"West Bengal";"India";"";1;28/9/2009 19:53:25;28/9/2009 19:53:25
328;"State/Province";"Asia";"";"Xinjiang";"China";"";1;28/9/2009 19:53:25;28/9/2009 19:53:25
329;"State/Province";"Asia";"";"Yeongnam";"South Korea";"";1;28/9/2009 19:53:25;28/9/2009 19:53:25
330;"State/Province";"Europe";"";"Alpes-Maritimes";"France";"";1;28/9/2009 19:53:25;28/9/2009 19:53:25
331;"State/Province";"Europe";"";"Bas-Rhin";"France";"";1;28/9/2009 19:53:25;28/9/2009 19:53:25
332;"State/Province";"Europe";"";"Bavaria";"Germany";"";1;28/9/2009 19:53:25;28/9/2009 19:53:25
333;"State/Province";"Europe";"";"Bayern";"Germany";"";1;28/9/2009 19:53:25;28/9/2009 19:53:25
334;"State/Province";"Europe";"";"Berlin";"Germany";"";1;28/9/2009 19:53:25;28/9/2009 19:53:25
335;"State/Province";"Europe";"";"Bern";"Switzerland";"";1;28/9/2009 19:53:25;28/9/2009 19:53:25
336;"State/Province";"Europe";"";"Bucuresti";"Romania";"";1;28/9/2009 19:53:25;28/9/2009 19:53:25
337;"State/Province";"Europe";"";"Central Greece and Evvoia";"Greece";"";1;28/9/2009 19:53:25;28/9/2009 19:53:25
338;"State/Province";"Europe";"";"England";"United Kingdom";"";1;28/9/2009 19:53:25;28/9/2009 19:53:25
339;"State/Province";"Europe";"";"Hesse";"Germany";"";1;28/9/2009 19:53:25;28/9/2009 19:53:25
340;"State/Province";"Europe";"";"Ile-del-France";"France";"";1;28/9/2009 19:53:25;28/9/2009 19:53:25
341;"State/Province";"Europe";"";"Leinster";"Ireland";"";1;28/9/2009 19:53:25;28/9/2009 19:53:25
342;"State/Province";"Europe";"";"Lisboa Region";"Portugal";"";1;28/9/2009 19:53:25;28/9/2009 19:53:25
343;"State/Province";"Europe";"";"Ljubljana";"Slovenia";"";1;28/9/2009 19:53:25;28/9/2009 19:53:25
344;"State/Province";"Europe";"";"Lombardia";"Italy";"";1;28/9/2009 19:53:25;28/9/2009 19:53:25
345;"State/Province";"Europe";"";"Madrid";"Spain";"";1;28/9/2009 19:53:25;28/9/2009 19:53:25
346;"State/Province";"Europe";"";"Midi-Pyrenees";"France";"";1;28/9/2009 19:53:25;28/9/2009 19:53:25
347;"State/Province";"Europe";"";"Moskovskaya oblast";"Russia";"";1;28/9/2009 19:53:25;28/9/2009 19:53:25
348;"State/Province";"Europe";"";"Nizhny Novgorod Oblast";"Russia";"";1;28/9/2009 19:53:25;28/9/2009 19:53:25
349;"State/Province";"Europe";"";"Noord-Holland";"the Netherlands";"";1;28/9/2009 19:53:25;28/9/2009 19:53:25
350;"State/Province";"Europe";"";"Nordrhein-Westfalen";"Germany";"";1;28/9/2009 19:53:25;28/9/2009 19:53:25
351;"State/Province";"Europe";"";"North Rhine-Westphalia";"Germany";"";1;28/9/2009 19:53:25;28/9/2009 19:53:25
352;"State/Province";"Europe";"";"Northwestern";"Russia";"";1;28/9/2009 19:53:25;28/9/2009 19:53:25
353;"State/Province";"Europe";"";"Pays de la Loire";"France";"";1;28/9/2009 19:53:25;28/9/2009 19:53:25
354;"State/Province";"Europe";"";"Provence-Alpes-Cote d'Azur";"France";"";1;28/9/2009 19:53:25;28/9/2009 19:53:25
355;"State/Province";"Europe";"";"Province of Florence";"Italy";"";1;28/9/2009 19:53:25;28/9/2009 19:53:25
356;"State/Province";"Europe";"";"Province of Turin";"Italy";"";1;28/9/2009 19:53:25;28/9/2009 19:53:25
357;"State/Province";"Europe";"";"Rhineland-Palatinate";"Germany";"";1;28/9/2009 19:53:25;28/9/2009 19:53:25
358;"State/Province";"Europe";"";"Rhone-Alpes";"France";"";1;28/9/2009 19:53:25;28/9/2009 19:53:25
359;"State/Province";"Europe";"";"Roma";"Italy";"";1;28/9/2009 19:53:25;28/9/2009 19:53:25
360;"State/Province";"Europe";"";"Scotland";"United Kingdom";"";1;28/9/2009 19:53:25;28/9/2009 19:53:25
361;"State/Province";"Europe";"";"Staden Kobenhavn";"Denmark";"";1;28/9/2009 19:53:25;28/9/2009 19:53:25
362;"State/Province";"Europe";"";"Stockholms";"Sweden";"";1;28/9/2009 19:53:25;28/9/2009 19:53:25
363;"State/Province";"Europe";"";"Valletta";"Malta";"";1;28/9/2009 19:53:25;28/9/2009 19:53:25
364;"State/Province";"Europe";"";"Venice";"Italy";"";1;28/9/2009 19:53:25;28/9/2009 19:53:25
365;"State/Province";"Europe";"";"Warszawa";"Poland";"";1;28/9/2009 19:53:25;28/9/2009 19:53:25
367;"State/Province";"North America";"";"Alberta";"Canada";"";1;28/9/2009 19:53:25;28/9/2009 19:53:25
368;"State/Province";"North America";"";"British Columbia";"Canada";"";1;28/9/2009 19:53:25;28/9/2009 19:53:25
377;"State/Province";"North America";"";"Ontario";"Canada";"";1;28/9/2009 19:53:25;28/9/2009 19:53:25
378;"State/Province";"North America";"";"Quebec";"Canada";"";1;28/9/2009 19:53:25;28/9/2009 19:53:25
